{
    "type": "origins:multiple",
    "throw": {
        "type": "origins:active_self",
        "entity_action": {
            "type": "origins:and",
            "actions": [
                {
                    "type": "origins:execute_command",
                    "command": "kill @e[tag=Cappy, limit=1, sort=nearest]",
                    "permission_level": 4
                },
                {
                    "type": "origins:delay",
                    "ticks": 3,
                    "action": {
                        "type": "origins:execute_command",
                        "command": "resource set @s smo:cappy_resource 1",
                        "permission_level": 4
                    }
                },
                {
                    "type": "origins:delay",
                    "ticks": 1,
                    "action": {
                        "type": "origins:execute_command",
                        "command": "execute if block ^ ^1.5 ^2.5 #smo:non_solid run summon minecraft:armor_stand ^ ^0.5 ^2.5 {NoGravity:1,Invisible:1,Invulnerable:1,Marker:1,Tags:[\"Cappy\"]}",
                        "permission_level": 4
                    }
                },
                {
                    "type": "origins:delay",
                    "ticks": 2,
                    "action": {
                        "type": "origins:if_else_list",
                        "actions": [
                            {
                                "condition": {
                                    "type": "origins:resource",
                                    "resource": "smo:color_resource",
                                    "comparison": "==",
                                    "compare_to": 1
                                },
                                "action": {
                                    "type": "origins:and",
                                    "actions": [
                                        {
                                            "type": "origins:execute_command",
                                            "command": "item replace entity @e[type=minecraft:armor_stand,tag=Cappy,distance=..20] armor.head with minecraft:leather_helmet{display:{color:0},Enchantments:[{id:binding_curse,lvl:1},{id:vanishing_curse,lvl:1}],HideFlags:1}",
                                            "permission_level": 4
                                        }
                                    ]
                                }
                            },
                            {
                                "condition": {
                                    "type": "origins:resource",
                                    "resource": "smo:color_resource",
                                    "comparison": "==",
                                    "compare_to": 2
                                },
                                "action": {
                                    "type": "origins:and",
                                    "actions": [
                                        {
                                            "type": "origins:execute_command",
                                            "command": "item replace entity @e[type=minecraft:armor_stand,tag=Cappy,distance=..20] armor.head with minecraft:leather_helmet{display:{color:16711680},Enchantments:[{id:binding_curse,lvl:1},{id:vanishing_curse,lvl:1}],HideFlags:1}",
                                            "permission_level": 4
                                        }
                                    ]
                                }
                            },
                            {
                                "condition": {
                                    "type": "origins:resource",
                                    "resource": "smo:color_resource",
                                    "comparison": "==",
                                    "compare_to": 3
                                },
                                "action": {
                                    "type": "origins:and",
                                    "actions": [
                                        {
                                            "type": "origins:execute_command",
                                            "command": "item replace entity @e[type=minecraft:armor_stand,tag=Cappy,distance=..20] armor.head with minecraft:leather_helmet{display:{color:35840},Enchantments:[{id:binding_curse,lvl:1},{id:vanishing_curse,lvl:1}],HideFlags:1}",
                                            "permission_level": 4
                                        }
                                    ]
                                }
                            },
                            {
                                "condition": {
                                    "type": "origins:resource",
                                    "resource": "smo:color_resource",
                                    "comparison": "==",
                                    "compare_to": 4
                                },
                                "action": {
                                    "type": "origins:and",
                                    "actions": [
                                        {
                                            "type": "origins:execute_command",
                                            "command": "item replace entity @e[type=minecraft:armor_stand,tag=Cappy,distance=..20] armor.head with minecraft:leather_helmet{display:{color:10119244},Enchantments:[{id:binding_curse,lvl:1},{id:vanishing_curse,lvl:1}],HideFlags:1}",
                                            "permission_level": 4
                                        }
                                    ]
                                }
                            },
                            {
                                "condition": {
                                    "type": "origins:resource",
                                    "resource": "smo:color_resource",
                                    "comparison": "==",
                                    "compare_to": 5
                                },
                                "action": {
                                    "type": "origins:and",
                                    "actions": [
                                        {
                                            "type": "origins:execute_command",
                                            "command": "item replace entity @e[type=minecraft:armor_stand,tag=Cappy,distance=..20] armor.head with minecraft:leather_helmet{display:{color:255},Enchantments:[{id:binding_curse,lvl:1},{id:vanishing_curse,lvl:1}],HideFlags:1}",
                                            "permission_level": 4
                                        }
                                    ]
                                }
                            },
                            {
                                "condition": {
                                    "type": "origins:resource",
                                    "resource": "smo:color_resource",
                                    "comparison": "==",
                                    "compare_to": 6
                                },
                                "action": {
                                    "type": "origins:and",
                                    "actions": [
                                        {
                                            "type": "origins:execute_command",
                                            "command": "item replace entity @e[type=minecraft:armor_stand,tag=Cappy,distance=..20] armor.head with minecraft:leather_helmet{display:{color:8388863},Enchantments:[{id:binding_curse,lvl:1},{id:vanishing_curse,lvl:1}],HideFlags:1}",
                                            "permission_level": 4
                                        }
                                    ]
                                }
                            },
                            {
                                "condition": {
                                    "type": "origins:resource",
                                    "resource": "smo:color_resource",
                                    "comparison": "==",
                                    "compare_to": 7
                                },
                                "action": {
                                    "type": "origins:and",
                                    "actions": [
                                        {
                                            "type": "origins:execute_command",
                                            "command": "item replace entity @e[type=minecraft:armor_stand,tag=Cappy,distance=..20] armor.head with minecraft:leather_helmet{display:{color:51129},Enchantments:[{id:binding_curse,lvl:1},{id:vanishing_curse,lvl:1}],HideFlags:1}",
                                            "permission_level": 4
                                        }
                                    ]
                                }
                            },
                            {
                                "condition": {
                                    "type": "origins:resource",
                                    "resource": "smo:color_resource",
                                    "comparison": "==",
                                    "compare_to": 8
                                },
                                "action": {
                                    "type": "origins:and",
                                    "actions": [
                                        {
                                            "type": "origins:execute_command",
                                            "command": "item replace entity @e[type=minecraft:armor_stand,tag=Cappy,distance=..20] armor.head with minecraft:leather_helmet{display:{color:13157315},Enchantments:[{id:binding_curse,lvl:1},{id:vanishing_curse,lvl:1}],HideFlags:1}",
                                            "permission_level": 4
                                        }
                                    ]
                                }
                            },
                            {
                                "condition": {
                                    "type": "origins:resource",
                                    "resource": "smo:color_resource",
                                    "comparison": "==",
                                    "compare_to": 9
                                },
                                "action": {
                                    "type": "origins:and",
                                    "actions": [
                                        {
                                            "type": "origins:execute_command",
                                            "command": "item replace entity @e[type=minecraft:armor_stand,tag=Cappy,distance=..20] armor.head with minecraft:leather_helmet{display:{color:7500402},Enchantments:[{id:binding_curse,lvl:1},{id:vanishing_curse,lvl:1}],HideFlags:1}",
                                            "permission_level": 4
                                        }
                                    ]
                                }
                            },
                            {
                                "condition": {
                                    "type": "origins:resource",
                                    "resource": "smo:color_resource",
                                    "comparison": "==",
                                    "compare_to": 10
                                },
                                "action": {
                                    "type": "origins:and",
                                    "actions": [
                                        {
                                            "type": "origins:execute_command",
                                            "command": "item replace entity @e[type=minecraft:armor_stand,tag=Cappy,distance=..20] armor.head with minecraft:leather_helmet{display:{color:16756735},Enchantments:[{id:binding_curse,lvl:1},{id:vanishing_curse,lvl:1}],HideFlags:1}",
                                            "permission_level": 4
                                        }
                                    ]
                                }
                            },
                            {
                                "condition": {
                                    "type": "origins:resource",
                                    "resource": "smo:color_resource",
                                    "comparison": "==",
                                    "compare_to": 11
                                },
                                "action": {
                                    "type": "origins:and",
                                    "actions": [
                                        {
                                            "type": "origins:execute_command",
                                            "command": "item replace entity @e[type=minecraft:armor_stand,tag=Cappy,distance=..20] armor.head with minecraft:leather_helmet{display:{color:3658007},Enchantments:[{id:binding_curse,lvl:1},{id:vanishing_curse,lvl:1}],HideFlags:1}",
                                            "permission_level": 4
                                        }
                                    ]
                                }
                            },
                            {
                                "condition": {
                                    "type": "origins:resource",
                                    "resource": "smo:color_resource",
                                    "comparison": "==",
                                    "compare_to": 12
                                },
                                "action": {
                                    "type": "origins:and",
                                    "actions": [
                                        {
                                            "type": "origins:execute_command",
                                            "command": "item replace entity @e[type=minecraft:armor_stand,tag=Cappy,distance=..20] armor.head with minecraft:leather_helmet{display:{color:16776960},Enchantments:[{id:binding_curse,lvl:1},{id:vanishing_curse,lvl:1}],HideFlags:1}",
                                            "permission_level": 4
                                        }
                                    ]
                                }
                            },
                            {
                                "condition": {
                                    "type": "origins:resource",
                                    "resource": "smo:color_resource",
                                    "comparison": "==",
                                    "compare_to": 13
                                },
                                "action": {
                                    "type": "origins:and",
                                    "actions": [
                                        {
                                            "type": "origins:execute_command",
                                            "command": "item replace entity @e[type=minecraft:armor_stand,tag=Cappy,distance=..20] armor.head with minecraft:leather_helmet{display:{color:8839679},Enchantments:[{id:binding_curse,lvl:1},{id:vanishing_curse,lvl:1}],HideFlags:1}",
                                            "permission_level": 4
                                        }
                                    ]
                                }
                            },
                            {
                                "condition": {
                                    "type": "origins:resource",
                                    "resource": "smo:color_resource",
                                    "comparison": "==",
                                    "compare_to": 14
                                },
                                "action": {
                                    "type": "origins:and",
                                    "actions": [
                                        {
                                            "type": "origins:execute_command",
                                            "command": "item replace entity @e[type=minecraft:armor_stand,tag=Cappy,distance=..20] armor.head with minecraft:leather_helmet{display:{color:13041919},Enchantments:[{id:binding_curse,lvl:1},{id:vanishing_curse,lvl:1}],HideFlags:1}",
                                            "permission_level": 4
                                        }
                                    ]
                                }
                            },
                            {
                                "condition": {
                                    "type": "origins:resource",
                                    "resource": "smo:color_resource",
                                    "comparison": "==",
                                    "compare_to": 15
                                },
                                "action": {
                                    "type": "origins:and",
                                    "actions": [
                                        {
                                            "type": "origins:execute_command",
                                            "command": "item replace entity @e[type=minecraft:armor_stand,tag=Cappy,distance=..20] armor.head with minecraft:leather_helmet{display:{color:16748544},Enchantments:[{id:binding_curse,lvl:1},{id:vanishing_curse,lvl:1}],HideFlags:1}",
                                            "permission_level": 4
                                        }
                                    ]
                                }
                            },
                            {
                                "condition": {
                                    "type": "origins:resource",
                                    "resource": "smo:color_resource",
                                    "comparison": "==",
                                    "compare_to": 16
                                },
                                "action": {
                                    "type": "origins:and",
                                    "actions": [
                                        {
                                            "type": "origins:execute_command",
                                            "command": "item replace entity @e[type=minecraft:armor_stand,tag=Cappy,distance=..20] armor.head with minecraft:leather_helmet{display:{color:16777215},Enchantments:[{id:binding_curse,lvl:1},{id:vanishing_curse,lvl:1}],HideFlags:1}",
                                            "permission_level": 4
                                        }
                                    ]
                                }
                            }
                        ]
                    }
                },
                {
                    "type": "origins:delay",
                    "ticks": 2,
                    "action": {
                        "type": "origins:execute_command",
                        "command": "execute as @e[type=armor_stand,tag=Cappy,distance=..30] at @s facing entity @p[tag=Mario] eyes run tp @s ~ ~ ~ ~ ~20",
                        "permission_level": 4
                    }
                }  
            ]
        },
        "key": {
            "key": "key.origins.primary_active"
        },
        "cooldown": 3,
        "condition": {
            "type": "origins:and",
            "conditions": [
                {
                    "type": "origins:resource",
                    "resource": "smo:cappy_resource",
                    "comparison": "==",
                    "compare_to": 0
                },
                {
                    "type": "origins:sneaking",
                    "inverted": true
                },
                {
                    "type": "origins:command",
                    "command": "execute if block ^ ^1.5 ^5 #smo:non_solid",
                    "comparison": "==",
                    "compare_to": 1
                },
                {
                    "type": "origins:resource",
                    "resource": "smo:capture_resource",
                    "comparison": "==",
                    "compare_to": 0
                },
                {
                    "type": "origins:resource",
                    "resource": "smo:pylon_pylon_resource",
                    "comparison": "==",
                    "compare_to": 0
                },
                {
                    "type": "origins:command",
                    "command": "execute if entity @e[type=armor_stand,tag=Cappy]",
                    "comparison": "==",
                    "compare_to": 0
                }
            ]
        }
    },
    "keep_going": {
        "type": "origins:active_self",
        "entity_action": {
            "type": "origins:and",
            "actions": [
                {
                    "type": "origins:execute_command",
                    "command": "execute as @e[type=armor_stand,tag=Cappy,distance=..15] at @s if block ^ ^1 ^-1 #smo:non_solid run tp @s ^ ^ ^-1",
                    "permission_level": 4
                },
                {
                    "type": "origins:execute_command",
                    "command": "execute as @e[type=armor_stand,tag=Cappy,sort=nearest,limit=1] at @s run playsound minecraft:entity.parrot.fly master @a[distance=..20] ~ ~ ~ 3 1",
                    "permission_level": 4
                }
            ]
        },
        "key": {
            "key": "key.origins.primary_active",
            "continuous": true
        },
        "condition": {
            "type": "origins:and",
            "conditions": [
                {
                    "type": "origins:sneaking",
                    "inverted": true
                },
                {
                    "type": "origins:resource",
                    "resource": "smo:cappy_throw",
                    "comparison": "==",
                    "compare_to": 0
                },
                {
                    "type": "origins:resource",
                    "resource": "smo:capture_resource",
                    "comparison": "==",
                    "compare_to": 0
                }
            ]
        }
    },
    "back": {
        "type": "origins:active_self",
        "entity_action": {
            "type": "origins:and",
            "actions": [
                {
                    "type": "origins:execute_command",
                    "command": "function smo:return_cappy",
                    "permission_level": 4
                }
            ]
        },
        "key": {
            "key": "key.origins.primary_active",
            "continuous": true
        },
        "condition": {
            "type": "origins:and",
            "conditions": [
                {
                    "type": "origins:sneaking"
                },
                {
                    "type": "origins:equipped_item",
                    "equipment_slot": "head",
                    "item_condition": {
                        "type": "origins:ingredient",
                        "ingredient": {
                            "item": "minecraft:leather_helmet"
                        }
                    },
                    "inverted": true
                }
            ]
        }
    },
    "resource":{
        "type": "origins:resource",
        "min": 0,
        "max": 200,
        "starting_value": 0,
        "hud_render": {
            "should_render": true,
            "sprite_location": "origins:textures/gui/community/huang/resource_bar_02.png",
            "bar_index": 1,
            "condition": {
                "type": "origins:resource",
                "resource": "smo:cappy_resource",
                "comparison": "!=",
                "compare_to": 0
            }
        },
        "max_action": {
            "type": "origins:and",
            "actions": [
                {
                    "type": "origins:execute_command",
                    "command": "function smo:return_cappy",
                    "permission_level": 4
                },
                {
                    "type": "origins:execute_command",
                    "command": "resource set @s smo:cappy_resource 0",
                    "permission_level": 4
                }
            ]
        }
    },
    "loop": {
        "type": "origins:action_over_time",
        "interval": 1,
        "entity_action": {
            "type": "origins:change_resource",
            "resource": "smo:cappy_resource",
            "change": 1
        },
        "condition": {
            "type": "origins:and",
            "conditions": [
                {
                    "type": "origins:resource",
                    "resource": "smo:cappy_resource",
                    "comparison": "!=",
                    "compare_to": 0
                },
                {
                    "type": "origins:resource",
                    "resource": "smo:cappy_resource",
                    "comparison": "!=",
                    "compare_to": 199
                }
            ]
        }
    },
    "loop2": {
        "type": "origins:action_over_time",
        "interval": 1,
        "entity_action": {
            "type": "origins:and",
            "actions": [
                {
                    "type": "origins:execute_command",
                    "command": "execute if entity @e[type=armor_stand,tag=Cappy,distance=..2] run schedule clear smo:return_cappy",
                    "permission_level": 4
                },
                {
                    "type": "origins:execute_command",
                    "command": "execute unless entity @e[type=armor_stand,tag=Cappy,distance=..30] run schedule clear smo:return_cappy",
                    "permission_level": 4
                },
                {
                    "type": "origins:execute_command",
                    "command": "execute if entity @e[type=armor_stand,tag=Cappy,distance=..1] run kill @e[tag=Cappy, limit=1, sort=nearest]",
                    "permission_level": 4
                },
                {
                    "type": "origins:execute_command",
                    "command": "execute at @e[type=armor_stand,tag=Cappy] run particle minecraft:ambient_entity_effect ~ ~1.5 ~ 0.1 0.1 0.1 100 25 force",
                    "permission_level": 4
                },
                {
                    "type": "origins:if_else",
                    "condition": {
                        "type": "origins:health",
                        "comparison": "==",
                        "compare_to": 0
                    },
                    "if_action": {
                        "type": "origins:and",
                        "actions": [
                            {
                                "type": "origins:execute_command",
                                "command": "kill @e[tag=Cappy]",
                                "permission_level": 4
                            },
                            {
                                "type": "origins:delay",
                                "ticks": 20,
                                "action": {
                                    "type": "origins:execute_command",
                                    "command": "tag @e[tag=CappyItem] remove CappyItem",
                                    "permission_level": 4
                                }
                            },
                            {
                                "type": "origins:execute_command",
                                "command": "execute as @e[tag=CappyCapture] run tag @s remove CappyCapture",
                                "permission_level": 4
                            }
                        ]
                    }
                },
                {
                    "type": "origins:if_else",
                    "condition": {
                        "type": "origins:resource",
                        "resource": "smo:cappy_resource",
                        "comparison": "==",
                        "compare_to": 200
                    },
                    "if_action": {
                        "type": "origins:if_else",
                        "condition": {
                            "type": "origins:command",
                            "command": "execute if entity @e[tag=Cappy]",
                            "comparison": "!=",
                            "compare_to": 0
                        },
                        "if_action": {
                            "type": "origins:execute_command",
                            "command": "kill @e[tag=Cappy]",
                            "permission_level": 4
                        }
                    }
                }
            ]
        }
    },
    "loop3": {
        "type": "origins:action_over_time",
        "interval": 1,
        "entity_action": {
            "type": "origins:and",
            "actions": [
                {
                    "type": "origins:change_resource",
                    "resource": "smo:cappy_resource",
                    "change": -200
                }
            ]
        },
        "condition": {
            "type": "origins:and",
            "conditions": [
                {
                    "type": "origins:equipped_item",
                    "equipment_slot": "head",
                    "item_condition": {
                        "type": "origins:ingredient",
                        "ingredient": {
                            "item": "minecraft:leather_helmet"
                        }
                    }
                },
                {
                    "type": "origins:resource",
                    "resource": "smo:cappy_resource",
                    "comparison": "!=",
                    "compare_to": 0
                }
            ]
        }
    },
    "loop4": {
        "type": "origins:action_over_time",
        "interval": 1,
        "entity_action": {
            "type": "origins:execute_command",
            "command": "function smo:return_cappy",
            "permission_level": 4
        },
        "condition": {
            "type": "origins:and",
            "conditions": [
                {
                    "type": "origins:resource",
                    "resource": "smo:cappy_resource",
                    "comparison": "==",
                    "compare_to": 199
                }
            ]
        }
    },
    "loop5": {
        "type": "origins:action_over_time",
        "interval": 1,
        "entity_action": {
            "type": "origins:execute_command",
            "command": "execute if entity @e[type=armor_stand,tag=Cappy,distance=..3] run kill @e[tag=Cappy, limit=1, sort=nearest]",
            "permission_level": 4
        },
        "condition": {
            "type": "origins:and",
            "conditions": [
                {
                    "type": "origins:resource",
                    "resource": "smo:cappy_resource",
                    "comparison": "==",
                    "compare_to": 199
                }
            ]
        }
    },
    "name": "§cCappy§r",
    "description": "Cappy, the (sentient) red hat on your head, allows you to do incredible things. For example, you can throw Cappy with Primary key, and keep him moving forwards by holding it down. If Cappy hits an entity, you'll capture the entity (see power below). While Cappy is in the air, you can jump on him to perform a double jump. You can also call Cappy back to your location with Secondary key. However, Cappy can't be left out forever, so after 15 seconds of being out he will return to you."
}