
{ 
"type": "origins:multiple",
"climb_toggle": {
    "type": "origins:toggle",
    "key": {
      "key": "key.saveToolbarActivator",
      "continuous": false
    },
    "active_by_default": false,
    "condition": {
       "type": "origins:or",
       "conditions": [
            {
                "type": "origins:command",
                "command": "execute if entity @e[tag=CappyCapture,distance=..5,tag=!Mario,type=minecraft:spider]",
                "comparison": "==",
                "compare_to": 1
            },
            {
                "type": "origins:command",
                "command": "execute if entity @e[tag=CappyCapture,distance=..5,tag=!Mario,type=minecraft:cave_spider]",
                "comparison": "==",
                "compare_to": 1
            }
        ]
    }
  },
"climbing": {
    "type": "origins:climbing",
    "hold_condition": {
      "type": "origins:and",
      "conditions": [
        {
          "type": "origins:or",
          "conditions": [
            {
              "type": "origins:block_collision",
              "offset_x": 0.01,
              "offset_z": 0.01,
              "offset_y": 0
            },
            {
              "type": "origins:block_collision",
              "offset_x": -0.01,
              "offset_z": -0.01,
              "offset_y": 0
            }
          ]
        },
        {
          "type": "origins:power_active",
          "power": "smo:other_powers_climb_toggle"
        }
      ]
    },
    "condition": {
      "type": "origins:and",
      "conditions": [
        {
          "type": "origins:collided_horizontally"
        },
        {
          "type": "origins:power_active",
          "power": "smo:other_powers_climb_toggle"
        }
      ]
    }
  },
  "hidden": true
}