{
    "type": "origins:creative_flight",
    "condition": {
        "type": "origins:or",
        "conditions": [
            {
                "type": "origins:command",
                "command": "execute if entity @e[tag=CappyCapture,distance=..5,tag=!Mario,type=minecraft:bee]",
                "comparison": "==",
                "compare_to": 1
            },
            {
                "type": "origins:command",
                "command": "execute if entity @e[tag=CappyCapture,distance=..5,tag=!Mario,type=minecraft:bat]",
                "comparison": "==",
                "compare_to": 1
            },
            {
                "type": "origins:command",
                "command": "execute if entity @e[tag=CappyCapture,distance=..5,tag=!Mario,type=minecraft:blaze]",
                "comparison": "==",
                "compare_to": 1
            },
            {
                "type": "origins:command",
                "command": "execute if entity @e[tag=CappyCapture,distance=..5,tag=!Mario,type=minecraft:dragon_fireball]",
                "comparison": "==",
                "compare_to": 1
            },
            {
                "type": "origins:command",
                "command": "execute if entity @e[tag=CappyCapture,distance=..5,tag=!Mario,type=minecraft:bee]",
                "comparison": "==",
                "compare_to": 1
            },
            {
                "type": "origins:command",
                "command": "execute if entity @e[tag=CappyCapture,distance=..5,tag=!Mario,type=minecraft:ender_pearl]",
                "comparison": "==",
                "compare_to": 1
            },
            {
                "type": "origins:command",
                "command": "execute if entity @e[tag=CappyCapture,distance=..5,tag=!Mario,type=minecraft:fireball]",
                "comparison": "==",
                "compare_to": 1
            },
            {
                "type": "origins:command",
                "command": "execute if entity @e[tag=CappyCapture,distance=..5,tag=!Mario,type=minecraft:firework_rocket]",
                "comparison": "==",
                "compare_to": 1
            },
            {
                "type": "origins:command",
                "command": "execute if entity @e[tag=CappyCapture,distance=..5,tag=!Mario,type=minecraft:ghast]",
                "comparison": "==",
                "compare_to": 1
            },
            {
                "type": "origins:command",
                "command": "execute if entity @e[tag=CappyCapture,distance=..5,tag=!Mario,type=minecraft:llama_spit]",
                "comparison": "==",
                "compare_to": 1
            },
            {
                "type": "origins:command",
                "command": "execute if entity @e[tag=CappyCapture,distance=..5,tag=!Mario,type=minecraft:parrot]",
                "comparison": "==",
                "compare_to": 1
            },
            {
                "type": "origins:command",
                "command": "execute if entity @e[tag=CappyCapture,distance=..5,tag=!Mario,type=minecraft:phantom]",
                "comparison": "==",
                "compare_to": 1
            },
            {
                "type": "origins:command",
                "command": "execute if entity @e[tag=CappyCapture,distance=..5,tag=!Mario,type=minecraft:shulker_bullet]",
                "comparison": "==",
                "compare_to": 1
            },
            {
                "type": "origins:command",
                "command": "execute if entity @e[tag=CappyCapture,distance=..5,tag=!Mario,type=minecraft:small_fireball]",
                "comparison": "==",
                "compare_to": 1
            },
            {
                "type": "origins:command",
                "command": "execute if entity @e[tag=CappyCapture,distance=..5,tag=!Mario,type=minecraft:vex]",
                "comparison": "==",
                "compare_to": 1
            },
            {
                "type": "origins:command",
                "command": "execute if entity @e[tag=CappyCapture,distance=..5,tag=!Mario,type=minecraft:wither]",
                "comparison": "==",
                "compare_to": 1
            }
        ]
    },
    "hidden": true
}