{
    "type": "origins:multiple",
    "cap_jump": {
        "type": "origins:active_self",
        "entity_action": {
            "type": "origins:and",
            "actions": [
                {
                    "type": "origins:add_velocity",
                    "set": true,
                    "y": 0.7
                },
                {
                    "type": "origins:if_else",
                    "condition": {
                        "type": "origins:moving"
                    },
                    "if_action": {
                        "type": "origins:add_velocity",
                        "space":"local",
                        "z": 0.3
                    }
                },
                {
                    "type": "origins:execute_command",
                    "command": "function smo:return_cappy",
                    "permission_level": 4
                }
            ]
        },
        "key": {
            "key": "key.jump"
        },
        "condition": {
            "type": "origins:and",
            "conditions": [
                {
                    "type": "origins:command",
                    "command": "execute if entity @e[type=minecraft:armor_stand,tag=Cappy,distance=..2]",
                    "comparison": "==",
                    "compare_to": 1
                }
            ]
        }
    },
    "hidden": true
}