{
    "type": "origins:multiple",
    "loop": {
        "type": "origins:action_over_time",
        "interval": 1,
        "rising_action": {
            "type": "origins:and",
            "actions": [
                {
                    "type": "origins:execute_command",
                    "command": "kill @e[tag=Pylon,distance=..50]",
                    "permission_level": 4
                },
                {
                    "type": "origins:delay",
                    "ticks": 1,
                    "action": {
                        "type": "origins:execute_command",
                        "command": "execute at @e[type=minecraft:armor_stand,tag=Cappy,sort=nearest,limit=1] run function smo:pylon_stand1",
                        "permission_level": 4
                    }
                },
                {
                    "type": "origins:delay",
                    "ticks": 50,
                    "action": {
                        "type": "origins:execute_command",
                        "command": "execute at @e[type=minecraft:armor_stand,tag=Pylon1,sort=nearest,limit=1] run function smo:pylon_stand",
                        "permission_level": 4
                    }
                },
                {
                    "type": "origins:delay",
                    "ticks": 51,
                    "action": {
                        "type": "origins:execute_command",
                        "command": "kill @e[tag=Pylon1,distance=..50]",
                        "permission_level": 4
                    }
                },
                {
                    "type": "origins:delay",
                    "ticks": 47,
                    "action": {
                        "type": "origins:execute_command",
                        "command": "tp @s @e[tag=Pylon1,sort=nearest,limit=1]",
                        "permission_level": 4
                    }
                }
            ]
        },
        "condition": {
            "type": "origins:or",
            "conditions": [
                {
                    "type": "origins:command",
                    "command": "execute at @e[type=minecraft:armor_stand,tag=Cappy] if block ~ ~0.5 ~ minecraft:redstone_torch",
                    "comparison": "==",
                    "compare_to": 1
                }
            ]
        }
    },
    "pylon_resource": {
        "type": "origins:resource",
        "min": 0,
        "max": 1,
        "starting_value": 0,
        "hud_render": {
            "should_render": false
        }
    },
    "loop2": {
        "type": "origins:action_over_time",
        "interval": 1,
        "entity_action": {
            "type": "origins:and",
            "actions": [
                {
                    "type": "origins:execute_command",
                    "command": "execute unless block ~ ~ ~ #smo:pylon run tp @s @e[tag=WasOnPylon,limit=1,sort=nearest]",
                    "permission_level": 4
                },
                {
                    "type": "origins:execute_command",
                    "command": "execute if block ~ ~ ~ #smo:pylon run effect give @s minecraft:speed 1 24 true",
                    "permission_level": 4
                },
                {
                    "type": "origins:execute_command",
                    "command": "execute if block ~ ~ ~ #smo:pylon run function smo:on_pylon",
                    "permission_level": 4
                },
                {
                    "type": "origins:execute_command",
                    "command": "scale set pehkui:height 0.5",
                    "permission_level": 4
                },
                {
                    "type": "origins:execute_command",
                    "command": "scale set pehkui:width 0.5",
                    "permission_level": 4
                },
                {
                    "type": "origins:if_else",
                    "condition": {
                        "type": "origins:moving"
                    },
                    "if_action": {
                        "type": "origins:and",
                        "actions": [
                            {
                                "type": "origins:execute_command",
                                "command": "particle minecraft:wax_on ~ ~ ~ 0.1 0.3 0.1 10 10 force",
                                "permission_level": 4
                            },
                            {
                                "type": "origins:execute_command",
                                "command": "particle minecraft:wax_on ~ ~ ~ 0.1 0.3 0.1 10 25 normal",
                                "permission_level": 4
                            }
                        ]
                    }
                },
                {
                    "type": "origins:execute_command",
                    "command": "resource set @s smo:capture_resource 0",
                    "permission_level": 4
                }
            ]
        },
        "condition": {
            "type": "origins:command",
            "command": "execute if entity @e[tag=Pylon]",
            "comparison": "==",
            "compare_to": 1
        }
    },
    "uncapture_pylon": {
        "type": "origins:active_self",
        "entity_action": {
            "type": "origins:and",
            "actions": [
                {
                    "type": "origins:execute_command",
                    "command": "kill @e[tag=Pylon]",
                    "permission_level": 4
                },
                {
                    "type": "origins:execute_command",
                    "command": "kill @e[tag=WasOnPylon]",
                    "permission_level": 4
                },
                {
                    "type": "origins:delay",
                    "ticks": 5,
                    "action": {
                        "type": "origins:execute_command",
                        "command": "kill @e[tag=WasOnPylon]",
                        "permission_level": 4
                    }
                },
                {
                    "type": "origins:execute_command",
                    "command": "scale reset",
                    "permission_level": 4
                },
                {
                    "type": "origins:execute_command",
                    "command": "effect clear @s minecraft:speed",
                    "permission_level": 4
                },
                {
                    "type": "origins:add_velocity",
                    "set": true,
                    "y": 0.5
                },
                {
                    "type": "origins:if_else",
                    "condition": {
                        "type": "origins:moving"
                    },
                    "if_action": {
                        "type": "origins:add_velocity",
                        "space":"local",
                        "z": 1.5
                    }
                },
                {
                    "type": "origins:execute_command",
                    "command": "function smo:return_cappy",
                    "permission_level": 4
                },
                {
                    "type": "origins:execute_command",
                    "command": "resource set @s smo:pylon_pylon_resource 0",
                    "permission_level": 4
                },
                {
                    "type": "origins:execute_command",
                    "command": "playsound minecraft:block.bubble_column.bubble_pop master @s ~ ~ ~ 15 2",
                    "permission_level": 4
                },
                {
                    "type": "origins:execute_command",
                    "command": "playsound minecraft:block.bubble_column.bubble_pop master @s ~ ~ ~ 17 0.1",
                    "permission_level": 4
                },
                {
                    "type": "origins:execute_command",
                    "command": "playsound minecraft:entity.item_frame.remove_item master @a[distance=..15] ~ ~ ~ 10 2",
                    "permission_level": 4
                },
                {
                    "type": "origins:execute_command",
                    "command": "particle minecraft:dust 1 0.8 0 1 ~ ~1 ~ 0.5 0.5 0.5 100 30 force",
                    "permission_level": 4
                },
                {
                    "type": "origins:delay",
                    "ticks": 1,
                    "action": {
                        "type": "origins:execute_command",
                        "command": "particle minecraft:dust 1 0.8 0 1 ~ ~1 ~ 0.1 0.3 0.1 1000 100 force",
                        "permission_level": 4
                    }
                },
                {
                    "type": "origins:delay",
                    "ticks": 3,
                    "action": {
                        "type": "origins:execute_command",
                        "command": "particle minecraft:dust 1 0.8 0 1 ~ ~1 ~ 0.1 0.3 0.1 1000 75 force",
                        "permission_level": 4
                    }
                },
                {
                    "type": "origins:delay",
                    "ticks": 4,
                    "action": {
                        "type": "origins:execute_command",
                        "command": "particle minecraft:dust 1 0.8 0 1 ~ ~1 ~ 0.1 0.3 0.1 1000 50 force",
                        "permission_level": 4
                    }
                },
                {
                    "type": "origins:delay",
                    "ticks": 5,
                    "action": {
                        "type": "origins:execute_command",
                        "command": "particle minecraft:dust 1 0.8 0 1 ~ ~1 ~ 0.1 0.3 0.1 1000 15 force",
                        "permission_level": 4
                    }
                }
            ]
        },
        "key": {
            "key": "key.origins.secondary_active"
        },
        "cooldown": 0,
        "hud_render": {
            "should_render": false
        },
        "condition": {
            "type": "origins:resource",
            "resource": "smo:pylon_pylon_resource",
            "comparison": "==",
            "compare_to": 1
        }
    },
    "loop3": {
        "type": "origins:action_over_time",
        "interval": 1,
        "entity_action": {
            "type": "origins:and",
            "actions": [
                {
                    "type": "origins:execute_command",
                    "command": "execute as @e[tag=Pylon1] run particle minecraft:dust 1 0.7 0 1 ~ ~ ~ 0.1 0.3 0.1 10 100 normal",
                    "permission_level": 4
                },
                {
                    "type": "origins:execute_command",
                    "command": "execute as @e[tag=Pylon1] run particle minecraft:wax_on ~ ~ ~ 0.1 0.3 0.1 10 10 force",
                    "permission_level": 4
                },
                {
                    "type": "origins:if_else",
                    "condition": {
                        "type": "origins:resource",
                        "resource": "smo:capture_resource",
                        "comparison": "==",
                        "compare_to": 10
                    },
                    "if_action": {
                        "type": "origins:execute_command",
                        "command": "execute at @e[type=marker,tag=Pylon1,limit=1,sort=nearest] run tp @s ~ ~0.5 ~",
                        "permission_level": 4
                    }
                }
            ]
        }
    },
    "color": {
        "type": "origins:model_color",
        "red": 1,
        "green": 0.9,
        "blue": 0,
        "alpha": 1,
        "condition": {
            "type": "origins:resource",
            "resource": "smo:pylon_pylon_resource",
            "comparison": "==",
            "compare_to": 1
        }
    },
    "name": "§ePylon§r",
    "description": "There's one other thing that Cappy can capture: Pylons. Pylons are pretty much just redstone wires. To capture a Pylon, throw Cappy on to a redstone torch, and you'll capture a little yellow energy ball. You'll only be able to move on Pylons/redstone wire, but you'll move extremely fast. Like other captures, uncapture a Pylon with Secondary key. §nNote: try and surround Pylons (redstone torches) with Wire (redstone wire) on all sides, in a 3x3. This can help with a few bugs you may encounter.§r"
}