{
    "type": "origins:multiple",
    "choose": { 
        "type": "origins:action_on_callback",
        "entity_action_chosen": {
            "type": "origins:execute_command",
            "permission_level": 4,
            "command": "tag @s add Mario"
        }
    },
    "remove": {
        "type": "origins:action_on_callback",
        "entity_action_lost": {
            "type": "origins:execute_command",
            "permission_level": 4,
            "command": "tag @s remove Mario"
        }
    },
    "hidden": true
}