{
    "powers": [
        "smo:cappy",
        "smo:capture",
        "smo:items",
        "smo:pylon",
        "smo:water_breathing_power",
        "smo:flight_power",
        "smo:fire_res_power",
        "smo:other_powers",
        "smo:jump",
        "smo:hat",
        "smo:tag",
        "smo:color",
        "smo:climbing_power",
        "smo:strider_power"
    ],
    "name": "SMO",
    "description": "Cappy is now your companion!",
    "icon": "minecraft:red_wool",
    "order": 10,
    "impact": 2
}