{
    "type": "origins:multiple",
    "uncapture": {
        "type": "origins:active_self",
        "entity_action": {
            "type": "origins:and",
            "actions": [
                {
                    "type": "origins:delay",
                    "ticks": 1,
                    "action": {
                        "type": "origins:execute_command",
                        "command": "tag @e[tag=!Mario,distance=..15] remove CappyCapture",
                        "permission_level": 4
                    }
                },
                {
                    "type": "origins:delay",
                    "ticks": 1,
                    "action": {
                        "type": "origins:change_resource",
                        "resource": "smo:capture_resource",
                        "change": -10
                    }
                }
            ]
        },
        "key": {
            "key": "key.origins.secondary_active"
        },
        "cooldown": 40,
        "hud_render": {
            "should_render": false
        }
    },
    "uncapture_upward_idk_what_to_call_this": {
        "type": "origins:active_self",
        "entity_action": {
            "type": "origins:and",
            "actions": [
                {
                    "type": "origins:add_velocity",
                    "set": true,
                    "y": 0.5
                },
                {
                    "type": "origins:if_else",
                    "condition": {
                        "type": "origins:moving"
                    },
                    "if_action": {
                        "type": "origins:add_velocity",
                        "space":"local",
                        "z": 0.25
                    }
                },
                {
                    "type": "origins:execute_command",
                    "command": "function smo:return_cappy",
                    "permission_level": 4
                },
                {
                    "type": "origins:execute_command",
                    "command": "playsound minecraft:block.bubble_column.bubble_pop master @s ~ ~ ~ 15 2",
                    "permission_level": 4
                },
                {
                    "type": "origins:execute_command",
                    "command": "playsound minecraft:block.bubble_column.bubble_pop master @s ~ ~ ~ 17 0.1",
                    "permission_level": 4
                },
                {
                    "type": "origins:execute_command",
                    "command": "playsound minecraft:entity.item_frame.remove_item master @a[distance=..15] ~ ~ ~ 10 2",
                    "permission_level": 4
                },
                {
                    "type": "origins:execute_command",
                    "command": "particle minecraft:dust 1 0.8 0 1 ~ ~1 ~ 0.5 0.5 0.5 100 30 force",
                    "permission_level": 4
                },
                {
                    "type": "origins:delay",
                    "ticks": 1,
                    "action": {
                        "type": "origins:execute_command",
                        "command": "particle minecraft:dust 1 0.8 0 1 ~ ~1 ~ 0.1 0.3 0.1 1000 100 force",
                        "permission_level": 4
                    }
                },
                {
                    "type": "origins:delay",
                    "ticks": 3,
                    "action": {
                        "type": "origins:execute_command",
                        "command": "particle minecraft:dust 1 0.8 0 1 ~ ~1 ~ 0.1 0.3 0.1 1000 75 force",
                        "permission_level": 4
                    }
                },
                {
                    "type": "origins:delay",
                    "ticks": 4,
                    "action": {
                        "type": "origins:execute_command",
                        "command": "particle minecraft:dust 1 0.8 0 1 ~ ~1 ~ 0.1 0.3 0.1 1000 50 force",
                        "permission_level": 4
                    }
                },
                {
                    "type": "origins:delay",
                    "ticks": 5,
                    "action": {
                        "type": "origins:execute_command",
                        "command": "particle minecraft:dust 1 0.8 0 1 ~ ~1 ~ 0.1 0.3 0.1 1000 15 force",
                        "permission_level": 4
                    }
                }
            ]
        },
        "key": {
            "key": "key.origins.secondary_active"
        },
        "cooldown": 40,
        "hud_render": {
            "should_render": false
        },
        "condition": {
            "type": "origins:and",
            "conditions": [
                {
                    "type": "origins:resource",
                    "resource": "smo:capture_resource",
                    "comparison": "==",
                    "compare_to": 10
                }
            ]
        }
    },
    "capture_invis": {
        "type": "origins:invisibility",
        "render_armor": false,
        "condition": {
            "type": "origins:and",
            "conditions": [
                {
                    "type": "origins:resource",
                    "resource": "smo:capture_resource",
                    "comparison": "==",
                    "compare_to": 10
                }
            ]
        }
    },
    "loop": {
        "type": "origins:action_over_time",
        "interval": 1,
        "entity_action": {
            "type": "origins:and",
            "actions": [
                {
                    "type": "origins:execute_command",
                    "command": "execute at @e[type=minecraft:armor_stand,tag=Cappy] if entity @e[tag=!Cappy,tag=!Mario,distance=..2,type=!#smo:uncapturable,tag=!Pylon,nbt=!{NoAI:1}] run tag @e[tag=!Cappy,tag=!Mario,distance=..2,limit=1,sort=nearest,type=!#smo:uncapturable,tag=!Pylon,nbt=!{NoAI:1}] add CappyCapture",
                    "permission_level": 4
                },
                {
                    "type": "origins:execute_command",
                    "command": "execute at @e[type=minecraft:armor_stand,tag=Cappy] if entity @e[tag=!Cappy,tag=!Mario,distance=..1,type=item] run tag @e[tag=!Cappy,tag=!Mario,distance=..2,limit=1,sort=nearest,type=item] add CappyItem",
                    "permission_level": 4
                }
            ]
        },
        "condition": {
            "type": "origins:command",
            "command": "execute at @e[type=minecraft:armor_stand,tag=Cappy] if entity @e[tag=!Cappy,tag=!Mario,distance=..2]",
            "comparison": "==",
            "compare_to": 1
        }
    },
    "loop2": {
        "type": "origins:action_over_time",
        "interval": 1,
        "rising_action": {
            "type": "origins:execute_command",
            "command": "function smo:enter_capture",
            "permission_level": 4
        },
        "condition": {
            "type": "origins:and",
            "conditions": [
                {
                    "type": "origins:resource",
                    "resource": "smo:capture_resource",
                    "comparison": "==",
                    "compare_to": 10
                }
            ]
        }
    },
    "loop2andahalf": {
        "type": "origins:action_over_time",
        "interval": 1,
        "rising_action": {
            "type": "origins:execute_command",
            "command": "function smo:leave_capture",
            "permission_level": 4
        },
        "condition": {
            "type": "origins:and",
            "conditions": [
                {
                    "type": "origins:resource",
                    "resource": "smo:capture_resource",
                    "comparison": "==",
                    "compare_to": 0
                }
            ]
        }
    },
    "resource":{
        "type": "origins:resource",
        "min": 0,
        "max": 10,
        "starting_value": 0,
        "hud_render": {
            "should_render": false
        },
        "min_action": {
            "type": "origins:and",
            "actions": [
                {
                    "type": "origins:execute_command",
                    "command": "function smo:leave_capture",
                    "permission_level": 4
                }
            ]
        }
    },
    "loop3": {
        "type": "origins:action_over_time",
        "interval": 1,
        "entity_action": {
            "type": "origins:change_resource",
            "resource": "smo:capture_resource",
            "change": 1
        },
        "condition": {
            "type": "origins:and",
            "conditions": [
                {
                    "type": "origins:resource",
                    "resource": "smo:capture_resource",
                    "comparison": "!=",
                    "compare_to": 0
                },
                {
                    "type": "origins:resource",
                    "resource": "smo:capture_resource",
                    "comparison": "!=",
                    "compare_to": 9
                }
            ]
        }
    },
    "phasing": {
        "type": "origins:phasing",
        "blacklist": true,
        "render_type": "blindness",
        "view_distance": 10,
        "block_condition": {
            "type": "origins:in_tag",
            "tag": "origins:unphasable"
        },
        "phase_down_condition": {
            "type": "origins:and",
            "conditions": [
                {
                    "type": "origins:constant",
                    "value": false
                }
            ]
        },
        "condition": {
            "type": "origins:and",
            "conditions": [
                {
                    "type": "origins:resource",
                    "resource": "smo:capture_resource",
                    "comparison": "!=",
                    "compare_to": 0
                },
                {
                    "type": "origins:resource",
                    "resource": "smo:capture_resource",
                    "comparison": "<=",
                    "compare_to": 9
                }
            ]
        }
    },
    "captureloop": {
        "type": "origins:action_over_time",
        "interval": 1,
        "entity_action": {
            "type": "origins:and",
            "actions": [
                {
                    "type": "origins:execute_command",
                    "command": "execute facing entity @e[tag=CappyCapture,sort=nearest,limit=1] eyes run tp @s ~ ~ ~ ~ ~13",
                    "permission_level": 4
                },
                {
                    "type": "origins:add_velocity",
                    "z": 1,
                    "space": "local",
                    "set": true
                }
            ]
        },
        "condition": {
            "type": "origins:and",
            "conditions": [
                {
                    "type": "origins:command",
                    "command": "execute if entity @e[tag=CappyCapture,distance=..500]",
                    "comparison": "==",
                    "compare_to": 1
                },
                {
                    "type": "origins:command",
                    "command": "execute if entity @e[tag=CappyCapture,distance=..1]",
                    "comparison": "==",
                    "compare_to": 0
                },
                {
                    "type": "origins:resource",
                    "resource": "smo:capture_resource",
                    "comparison": "!=",
                    "compare_to": 0
                },
                {
                    "type": "origins:resource",
                    "resource": "smo:capture_resource",
                    "comparison": "<=",
                    "compare_to": 9
                }
            ]
        }
    },
    "captureloop2": {
        "type": "origins:action_over_time",
        "interval": 1,
        "entity_action": {
            "type": "origins:and",
            "actions": [
                {
                    "type": "origins:execute_command",
                    "command": "tp @e[tag=CappyCapture,limit=1,sort=nearest] @s[tag=InACapture]",
                    "permission_level": 4
                }
            ]
        },
        "condition": {
            "type": "origins:resource",
            "resource": "smo:capture_resource",
            "comparison": "==",
            "compare_to": 10
        }
    },
    "captureloop3": {
        "type": "origins:action_over_time",
        "interval": 1,
        "entity_action": {
            "type": "origins:and",
            "actions": [
                {
                    "type": "origins:execute_command",
                    "command": "resource set @s smo:capture_resource 10",
                    "permission_level": 4
                }
            ]
        },
        "condition": {
            "type": "origins:or",
            "conditions": [
                {
                    "type": "origins:command",
                    "command": "execute if entity @e[tag=CappyCapture,distance=..3]",
                    "comparison": "==",
                    "compare_to": 1
                },
                {
                    "type": "origins:command",
                    "command": "execute if entity @e[tag=CappyCapture,distance=..7,type=minecraft:giant]",
                    "comparison": "==",
                    "compare_to": 1
                }
            ]
        }
    },
    "captureloop4": {
        "type": "origins:action_over_time",
        "interval": 1,
        "entity_action": {
            "type": "origins:and",
            "actions": [
                {
                    "type": "origins:execute_command",
                    "command": "resource set @s smo:capture_resource 1",
                    "permission_level": 4
                }
            ]
        },
        "condition": {
            "type": "origins:and",
            "conditions": [
                {
                    "type": "origins:command",
                    "command": "execute if entity @e[tag=CappyCapture,distance=..500]",
                    "comparison": "==",
                    "compare_to": 1
                },
                {
                    "type": "origins:resource",
                    "resource": "smo:capture_resource",
                    "comparison": "!=",
                    "compare_to": 10
                }
            ]
        }
    },
    "captureloop5": {
        "type": "origins:action_over_time",
        "interval": 1,
        "entity_action": {
            "type": "origins:and",
            "actions": [
                {
                    "type": "origins:execute_command",
                    "command": "function smo:in_capture",
                    "permission_level": 4
                },
                {
                    "type": "origins:execute_command",
                    "command": "execute if entity @e[type=armor_stand,tag=Cappy,distance=..2] run kill @e[tag=Cappy,limit=1,sort=nearest]",
                    "permission_level": 4
                },
                {
                    "type": "origins:execute_command",
                    "command": "function smo:return_cappy",
                    "permission_level": 4
                }
            ]
        },
        "condition": {
            "type": "origins:and",
            "conditions": [
                {
                    "type": "origins:resource",
                    "resource": "smo:capture_resource",
                    "comparison": "==",
                    "compare_to": 10
                }
            ]
        }
    },
    "captureloop5andahalf": {
        "type": "origins:action_over_time",
        "interval": 1,
        "entity_action": {
            "type": "origins:and",
            "actions": [
                {
                    "type": "origins:execute_command",
                    "command": "execute as @e[tag=CappyCapture] at @s run function smo:captured",
                    "permission_level": 4
                }
            ]
        },
        "condition": {
            "type": "origins:and",
            "conditions": [
                {
                    "type": "origins:resource",
                    "resource": "smo:capture_resource",
                    "comparison": "==",
                    "compare_to": 10
                }
            ]
        }
    },    
    "captureloop6": {
        "type": "origins:action_over_time",
        "interval": 1,
        "entity_action": {
            "type": "origins:and",
            "actions": [
                {
                    "type": "origins:execute_command",
                    "command": "resource set @s smo:capture_resource 0",
                    "permission_level": 4
                },
                {
                    "type": "origins:damage",
                    "amount": 10,
                    "source": {
                        "bypass_armor": true,
                        "unblockable": true,
                        "name": "generic"
                    }
                },
                {
                    "type": "origins:add_velocity",
                    "set": true,
                    "y": 0.5
                },
                {
                    "type": "origins:if_else",
                    "condition": {
                        "type": "origins:moving"
                    },
                    "if_action": {
                        "type": "origins:add_velocity",
                        "space":"local",
                        "z": 0.25
                    }
                },
                {
                    "type": "origins:execute_command",
                    "command": "function smo:return_cappy",
                    "permission_level": 4
                },
                {
                    "type": "origins:execute_command",
                    "command": "particle minecraft:dust 1 0.8 0 1 ~ ~1 ~ 0.5 0.5 0.5 100 30 force",
                    "permission_level": 4
                },
                {
                    "type": "origins:delay",
                    "ticks": 1,
                    "action": {
                        "type": "origins:execute_command",
                        "command": "particle minecraft:dust 1 0.8 0 1 ~ ~1 ~ 0.1 0.3 0.1 1000 100 force",
                        "permission_level": 4
                    }
                },
                {
                    "type": "origins:delay",
                    "ticks": 3,
                    "action": {
                        "type": "origins:execute_command",
                        "command": "particle minecraft:dust 1 0.8 0 1 ~ ~1 ~ 0.1 0.3 0.1 1000 75 force",
                        "permission_level": 4
                    }
                },
                {
                    "type": "origins:delay",
                    "ticks": 4,
                    "action": {
                        "type": "origins:execute_command",
                        "command": "particle minecraft:dust 1 0.8 0 1 ~ ~1 ~ 0.1 0.3 0.1 1000 50 force",
                        "permission_level": 4
                    }
                },
                {
                    "type": "origins:delay",
                    "ticks": 5,
                    "action": {
                        "type": "origins:execute_command",
                        "command": "particle minecraft:dust 1 0.8 0 1 ~ ~1 ~ 0.1 0.3 0.1 1000 15 force",
                        "permission_level": 4
                    }
                }
            ]
        },
        "condition": {
            "type": "origins:and",
            "conditions": [
                {
                    "type": "origins:command",
                    "command": "execute if entity @e[tag=CappyCapture]",
                    "comparison": "==",
                    "compare_to": 0
                },
                {
                    "type": "origins:resource",
                    "resource": "smo:capture_resource",
                    "comparison": "==",
                    "compare_to": 10
                }
            ]
        }
    },
    "captureloop6andahalf": {
        "type": "origins:action_over_time",
        "interval": 1,
        "entity_action": {
            "type": "origins:and",
            "actions": [
                {
                    "type": "origins:execute_command",
                    "command": "resource set @s smo:capture_resource 10",
                    "permission_level": 4
                },
                {
                    "type": "origins:add_velocity",
                    "set": true,
                    "y": 0.5
                },
                {
                    "type": "origins:if_else",
                    "condition": {
                        "type": "origins:moving"
                    },
                    "if_action": {
                        "type": "origins:add_velocity",
                        "space":"local",
                        "z": 0.25
                    }
                },
                {
                    "type": "origins:execute_command",
                    "command": "function smo:return_cappy",
                    "permission_level": 4
                },
                {
                    "type": "origins:execute_command",
                    "command": "particle minecraft:dust 1 0.8 0 1 ~ ~1 ~ 0.5 0.5 0.5 100 30 force",
                    "permission_level": 4
                },
                {
                    "type": "origins:delay",
                    "ticks": 1,
                    "action": {
                        "type": "origins:execute_command",
                        "command": "particle minecraft:dust 1 0.8 0 1 ~ ~1 ~ 0.1 0.3 0.1 1000 100 force",
                        "permission_level": 4
                    }
                },
                {
                    "type": "origins:delay",
                    "ticks": 3,
                    "action": {
                        "type": "origins:execute_command",
                        "command": "particle minecraft:dust 1 0.8 0 1 ~ ~1 ~ 0.1 0.3 0.1 1000 75 force",
                        "permission_level": 4
                    }
                },
                {
                    "type": "origins:delay",
                    "ticks": 4,
                    "action": {
                        "type": "origins:execute_command",
                        "command": "particle minecraft:dust 1 0.8 0 1 ~ ~1 ~ 0.1 0.3 0.1 1000 50 force",
                        "permission_level": 4
                    }
                },
                {
                    "type": "origins:delay",
                    "ticks": 5,
                    "action": {
                        "type": "origins:execute_command",
                        "command": "particle minecraft:dust 1 0.8 0 1 ~ ~1 ~ 0.1 0.3 0.1 1000 15 force",
                        "permission_level": 4
                    }
                }
            ]
        },
        "condition": {
            "type": "origins:and",
            "conditions": [
                {
                    "type": "origins:command",
                    "command": "execute if entity @e[tag=CappyCapture]",
                    "comparison": "==",
                    "compare_to": 0
                },
                {
                    "type": "origins:resource",
                    "resource": "smo:capture_resource",
                    "comparison": "==",
                    "compare_to": 9
                }
            ]
        }
    },
    "captureloop7": {
        "type": "origins:action_over_time",
        "interval": 1,
        "entity_action": {
            "type": "origins:and",
            "actions": [
                {
                    "type": "origins:execute_command",
                    "command": "particle minecraft:dust 0 0 0.3 1 ~ ~0.3 ~ 0.1 0.3 0.1 10 10 force",
                    "permission_level": 4
                }
            ]
        },
        "condition": {
            "type": "origins:and",
            "conditions": [
                {
                    "type": "origins:resource",
                    "resource": "smo:capture_resource",
                    "comparison": "!=",
                    "compare_to": 0
                },
                {
                    "type": "origins:resource",
                    "resource": "smo:capture_resource",
                    "comparison": "!=",
                    "compare_to": 10
                }
            ]
        }
    },
    "captureloop8": {
        "type": "origins:action_over_time",
        "interval": 10,
        "entity_action": {
            "type": "origins:and",
            "actions": [
                {
                    "type": "origins:execute_command",
                    "command": "scale divide pehkui:model_height 2",
                    "permission_level": 4
                },
                {
                    "type": "origins:execute_command",
                    "command": "scale divide pehkui:model_width 2",
                    "permission_level": 4
                }
            ]
        },
        "condition": {
            "type": "origins:and",
            "conditions": [
                {
                    "type": "origins:resource",
                    "resource": "smo:capture_resource",
                    "comparison": "!=",
                    "compare_to": 0
                },
                {
                    "type": "origins:resource",
                    "resource": "smo:capture_resource",
                    "comparison": "!=",
                    "compare_to": 10
                }
            ]
        }
    },
    "captureloop9": {
        "type": "origins:action_over_time",
        "interval": 1,
        "entity_action": {
            "type": "origins:and",
            "actions": [
                {
                    "type": "origins:execute_command",
                    "command": "execute at @e[tag=Cappy,limit=1,sort=nearest] run tp @e[tag=CappyItem,type=item] ~ ~0.7 ~",
                    "permission_level": 4
                },
                {
                    "type": "origins:execute_command",
                    "command": "data modify entity @e[type=item,tag=CappyItem,limit=1,sort=nearest] Motion set value 0d",
                    "permission_level": 4
                }
            ]
        }
    },
    "capture_damage": {
        "type": "origins:invulnerability",
        "damage_condition": {
            "type": "origins:name",
            "name": "outOfWorld",
            "inverted": true
        },
        "condition": {
            "type": "origins:and",
            "conditions": [
                {
                    "type": "origins:resource",
                    "resource": "smo:capture_resource",
                    "comparison": "==",
                    "compare_to": 10
                }
            ]
        }
    },
    "capture_food": {
        "type": "origins:prevent_item_use",
        "item_condition": {
            "type": "origins:food"
        },
        "condition": {
            "type": "origins:and",
            "conditions": [
                {
                    "type": "origins:resource",
                    "resource": "smo:capture_resource",
                    "comparison": "==",
                    "compare_to": 10
                }
            ]
        }
    },
    "cant_damage_captures": {
        "type": "origins:modify_damage_dealt",
        "target_condition": {
            "type": "origins:command",
            "command": "execute if entity @s[tag=CappyCapture]",
            "comparison": "!=",
            "compare_to": 0
        },
        "modifier": {
            "operation": "multiply_total",
            "value": -1
        }
    },
    "cant_ride_captures": {
        "type": "origins:prevent_entity_use",
        "bientity_condition": {
            "type": "origins:target_condition",
            "condition": {
                "type": "origins:command",
                "command": "execute if entity @s[tag=CappyCapture]",
                "comparison": "!=",
                "compare_to": 0
            }
        }
    },
    "name": "§1Capture§r",
    "description": "When Cappy hits an entity, you'll capture it. Capturing an entity will pull you towards it, then you'll be able to control it! In captures, you cannot eat, however some captures give special effects, like flying, breathing underwater, inflicting poison on hit, firing fireballs, or shooting arrows! To active any of these active capture effects, use Save Toolbar Activator (A few select captures have a second ability, use Load Toolbar Activator for them). To exit a capture, use Secondary key. If a capture dies, you will take 5 hearts of (true) damage."
}