{
    "type": "origins:multiple",
    "resource": {
        "type": "origins:resource",
        "min": 1,
        "max": 16,
        "start_value": 2,
        "hud_render": {
            "should_render": false
        }
    },
    "right_click": {
        "type": "origins:active_self",
        "entity_action": {
            "type": "origins:if_else_list",
            "actions": [
                {
                    "condition": {
                        "type": "origins:equipped_item",
                        "equipment_slot": "mainhand",
                        "item_condition": {
                            "type": "origins:ingredient",
                            "ingredient": {
                                "item": "minecraft:black_dye"
                            }
                        }
                    },
                    "action": {
                        "type": "origins:and",
                        "actions": [
                            {
                                "type": "origins:execute_command",
                                "command": "resource set @s smo:color_resource 1",
                                "permission_level": 4
                            },
                            {
                                "type": "origins:equipped_item_action",
                                "equipment_slot": "mainhand",
                                "action": {
                                    "type": "origins:consume",
                                    "amount": 1
                                }
                            },
                            {
                                "type": "origins:execute_command",
                                "command": "playsound minecraft:item.dye.use master @a[distance=..3]",
                                "permission_level": 4
                            },
                            {
                                "type": "origins:execute_command",
                                "command": "item replace entity @s armor.head with minecraft:air",
                                "permission_level": 4
                            }
                        ]
                    }
                },
                {
                    "condition": {
                        "type": "origins:equipped_item",
                        "equipment_slot": "mainhand",
                        "item_condition": {
                            "type": "origins:ingredient",
                            "ingredient": {
                                "item": "minecraft:red_dye"
                            }
                        }
                    },
                    "action": {
                        "type": "origins:and",
                        "actions": [
                            {
                                "type": "origins:execute_command",
                                "command": "resource set @s smo:color_resource 2",
                                "permission_level": 4
                            },
                            {
                                "type": "origins:equipped_item_action",
                                "equipment_slot": "mainhand",
                                "action": {
                                    "type": "origins:consume",
                                    "amount": 1
                                }
                            },
                            {
                                "type": "origins:execute_command",
                                "command": "playsound minecraft:item.dye.use master @a[distance=..3]",
                                "permission_level": 4
                            },
                            {
                                "type": "origins:execute_command",
                                "command": "item replace entity @s armor.head with minecraft:air",
                                "permission_level": 4
                            }
                        ]
                    }
                },
                {
                    "condition": {
                        "type": "origins:equipped_item",
                        "equipment_slot": "mainhand",
                        "item_condition": {
                            "type": "origins:ingredient",
                            "ingredient": {
                                "item": "minecraft:green_dye"
                            }
                        }
                    },
                    "action": {
                        "type": "origins:and",
                        "actions": [
                            {
                                "type": "origins:execute_command",
                                "command": "resource set @s smo:color_resource 3",
                                "permission_level": 4
                            },
                            {
                                "type": "origins:equipped_item_action",
                                "equipment_slot": "mainhand",
                                "action": {
                                    "type": "origins:consume",
                                    "amount": 1
                                }
                            },
                            {
                                "type": "origins:execute_command",
                                "command": "playsound minecraft:item.dye.use master @a[distance=..3]",
                                "permission_level": 4
                            },
                            {
                                "type": "origins:execute_command",
                                "command": "item replace entity @s armor.head with minecraft:air",
                                "permission_level": 4
                            }
                        ]
                    }
                },
                {
                    "condition": {
                        "type": "origins:equipped_item",
                        "equipment_slot": "mainhand",
                        "item_condition": {
                            "type": "origins:ingredient",
                            "ingredient": {
                                "item": "minecraft:brown_dye"
                            }
                        }
                    },
                    "action": {
                        "type": "origins:and",
                        "actions": [
                            {
                                "type": "origins:execute_command",
                                "command": "resource set @s smo:color_resource 4",
                                "permission_level": 4
                            },
                            {
                                "type": "origins:equipped_item_action",
                                "equipment_slot": "mainhand",
                                "action": {
                                    "type": "origins:consume",
                                    "amount": 1
                                }
                            },
                            {
                                "type": "origins:execute_command",
                                "command": "playsound minecraft:item.dye.use master @a[distance=..3]",
                                "permission_level": 4
                            },
                            {
                                "type": "origins:execute_command",
                                "command": "item replace entity @s armor.head with minecraft:air",
                                "permission_level": 4
                            }
                        ]
                    }
                },
                {
                    "condition": {
                        "type": "origins:equipped_item",
                        "equipment_slot": "mainhand",
                        "item_condition": {
                            "type": "origins:ingredient",
                            "ingredient": {
                                "item": "minecraft:blue_dye"
                            }
                        }
                    },
                    "action": {
                        "type": "origins:and",
                        "actions": [
                            {
                                "type": "origins:execute_command",
                                "command": "resource set @s smo:color_resource 5",
                                "permission_level": 4
                            },
                            {
                                "type": "origins:equipped_item_action",
                                "equipment_slot": "mainhand",
                                "action": {
                                    "type": "origins:consume",
                                    "amount": 1
                                }
                            },
                            {
                                "type": "origins:execute_command",
                                "command": "playsound minecraft:item.dye.use master @a[distance=..3]",
                                "permission_level": 4
                            },
                            {
                                "type": "origins:execute_command",
                                "command": "item replace entity @s armor.head with minecraft:air",
                                "permission_level": 4
                            }
                        ]
                    }
                },
                {
                    "condition": {
                        "type": "origins:equipped_item",
                        "equipment_slot": "mainhand",
                        "item_condition": {
                            "type": "origins:ingredient",
                            "ingredient": {
                                "item": "minecraft:purple_dye"
                            }
                        }
                    },
                    "action": {
                        "type": "origins:and",
                        "actions": [
                            {
                                "type": "origins:execute_command",
                                "command": "resource set @s smo:color_resource 6",
                                "permission_level": 4
                            },
                            {
                                "type": "origins:equipped_item_action",
                                "equipment_slot": "mainhand",
                                "action": {
                                    "type": "origins:consume",
                                    "amount": 1
                                }
                            },
                            {
                                "type": "origins:execute_command",
                                "command": "playsound minecraft:item.dye.use master @a[distance=..3]",
                                "permission_level": 4
                            },
                            {
                                "type": "origins:execute_command",
                                "command": "item replace entity @s armor.head with minecraft:air",
                                "permission_level": 4
                            }
                        ]
                    }
                },
                {
                    "condition": {
                        "type": "origins:equipped_item",
                        "equipment_slot": "mainhand",
                        "item_condition": {
                            "type": "origins:ingredient",
                            "ingredient": {
                                "item": "minecraft:cyan_dye"
                            }
                        }
                    },
                    "action": {
                        "type": "origins:and",
                        "actions": [
                            {
                                "type": "origins:execute_command",
                                "command": "resource set @s smo:color_resource 7",
                                "permission_level": 4
                            },
                            {
                                "type": "origins:equipped_item_action",
                                "equipment_slot": "mainhand",
                                "action": {
                                    "type": "origins:consume",
                                    "amount": 1
                                }
                            },
                            {
                                "type": "origins:execute_command",
                                "command": "playsound minecraft:item.dye.use master @a[distance=..3]",
                                "permission_level": 4
                            },
                            {
                                "type": "origins:execute_command",
                                "command": "item replace entity @s armor.head with minecraft:air",
                                "permission_level": 4
                            }
                        ]
                    }
                },
                {
                    "condition": {
                        "type": "origins:equipped_item",
                        "equipment_slot": "mainhand",
                        "item_condition": {
                            "type": "origins:ingredient",
                            "ingredient": {
                                "item": "minecraft:light_gray_dye"
                            }
                        }
                    },
                    "action": {
                        "type": "origins:and",
                        "actions": [
                            {
                                "type": "origins:execute_command",
                                "command": "resource set @s smo:color_resource 8",
                                "permission_level": 4
                            },
                            {
                                "type": "origins:equipped_item_action",
                                "equipment_slot": "mainhand",
                                "action": {
                                    "type": "origins:consume",
                                    "amount": 1
                                }
                            },
                            {
                                "type": "origins:execute_command",
                                "command": "playsound minecraft:item.dye.use master @a[distance=..3]",
                                "permission_level": 4
                            },
                            {
                                "type": "origins:execute_command",
                                "command": "item replace entity @s armor.head with minecraft:air",
                                "permission_level": 4
                            }
                        ]
                    }
                },
                {
                    "condition": {
                        "type": "origins:equipped_item",
                        "equipment_slot": "mainhand",
                        "item_condition": {
                            "type": "origins:ingredient",
                            "ingredient": {
                                "item": "minecraft:gray_dye"
                            }
                        }
                    },
                    "action": {
                        "type": "origins:and",
                        "actions": [
                            {
                                "type": "origins:execute_command",
                                "command": "resource set @s smo:color_resource 9",
                                "permission_level": 4
                            },
                            {
                                "type": "origins:equipped_item_action",
                                "equipment_slot": "mainhand",
                                "action": {
                                    "type": "origins:consume",
                                    "amount": 1
                                }
                            },
                            {
                                "type": "origins:execute_command",
                                "command": "playsound minecraft:item.dye.use master @a[distance=..3]",
                                "permission_level": 4
                            },
                            {
                                "type": "origins:execute_command",
                                "command": "item replace entity @s armor.head with minecraft:air",
                                "permission_level": 4
                            }
                        ]
                    }
                },
                {
                    "condition": {
                        "type": "origins:equipped_item",
                        "equipment_slot": "mainhand",
                        "item_condition": {
                            "type": "origins:ingredient",
                            "ingredient": {
                                "item": "minecraft:pink_dye"
                            }
                        }
                    },
                    "action": {
                        "type": "origins:and",
                        "actions": [
                            {
                                "type": "origins:execute_command",
                                "command": "resource set @s smo:color_resource 10",
                                "permission_level": 4
                            },
                            {
                                "type": "origins:equipped_item_action",
                                "equipment_slot": "mainhand",
                                "action": {
                                    "type": "origins:consume",
                                    "amount": 1
                                }
                            },
                            {
                                "type": "origins:execute_command",
                                "command": "playsound minecraft:item.dye.use master @a[distance=..3]",
                                "permission_level": 4
                            },
                            {
                                "type": "origins:execute_command",
                                "command": "item replace entity @s armor.head with minecraft:air",
                                "permission_level": 4
                            }
                        ]
                    }
                },
                {
                    "condition": {
                        "type": "origins:equipped_item",
                        "equipment_slot": "mainhand",
                        "item_condition": {
                            "type": "origins:ingredient",
                            "ingredient": {
                                "item": "minecraft:lime_dye"
                            }
                        }
                    },
                    "action": {
                        "type": "origins:and",
                        "actions": [
                            {
                                "type": "origins:execute_command",
                                "command": "resource set @s smo:color_resource 11",
                                "permission_level": 4
                            },
                            {
                                "type": "origins:equipped_item_action",
                                "equipment_slot": "mainhand",
                                "action": {
                                    "type": "origins:consume",
                                    "amount": 1
                                }
                            },
                            {
                                "type": "origins:execute_command",
                                "command": "playsound minecraft:item.dye.use master @a[distance=..3]",
                                "permission_level": 4
                            },
                            {
                                "type": "origins:execute_command",
                                "command": "item replace entity @s armor.head with minecraft:air",
                                "permission_level": 4
                            }
                        ]
                    }
                },
                {
                    "condition": {
                        "type": "origins:equipped_item",
                        "equipment_slot": "mainhand",
                        "item_condition": {
                            "type": "origins:ingredient",
                            "ingredient": {
                                "item": "minecraft:yellow_dye"
                            }
                        }
                    },
                    "action": {
                        "type": "origins:and",
                        "actions": [
                            {
                                "type": "origins:execute_command",
                                "command": "resource set @s smo:color_resource 12",
                                "permission_level": 4
                            },
                            {
                                "type": "origins:equipped_item_action",
                                "equipment_slot": "mainhand",
                                "action": {
                                    "type": "origins:consume",
                                    "amount": 1
                                }
                            },
                            {
                                "type": "origins:execute_command",
                                "command": "playsound minecraft:item.dye.use master @a[distance=..3]",
                                "permission_level": 4
                            },
                            {
                                "type": "origins:execute_command",
                                "command": "item replace entity @s armor.head with minecraft:air",
                                "permission_level": 4
                            }
                        ]
                    }
                },
                {
                    "condition": {
                        "type": "origins:equipped_item",
                        "equipment_slot": "mainhand",
                        "item_condition": {
                            "type": "origins:ingredient",
                            "ingredient": {
                                "item": "minecraft:light_blue_dye"
                            }
                        }
                    },
                    "action": {
                        "type": "origins:and",
                        "actions": [
                            {
                                "type": "origins:execute_command",
                                "command": "resource set @s smo:color_resource 13",
                                "permission_level": 4
                            },
                            {
                                "type": "origins:equipped_item_action",
                                "equipment_slot": "mainhand",
                                "action": {
                                    "type": "origins:consume",
                                    "amount": 1
                                }
                            },
                            {
                                "type": "origins:execute_command",
                                "command": "playsound minecraft:item.dye.use master @a[distance=..3]",
                                "permission_level": 4
                            },
                            {
                                "type": "origins:execute_command",
                                "command": "item replace entity @s armor.head with minecraft:air",
                                "permission_level": 4
                            }
                        ]
                    }
                },
                {
                    "condition": {
                        "type": "origins:equipped_item",
                        "equipment_slot": "mainhand",
                        "item_condition": {
                            "type": "origins:ingredient",
                            "ingredient": {
                                "item": "minecraft:magenta_dye"
                            }
                        }
                    },
                    "action": {
                        "type": "origins:and",
                        "actions": [
                            {
                                "type": "origins:execute_command",
                                "command": "resource set @s smo:color_resource 14",
                                "permission_level": 4
                            },
                            {
                                "type": "origins:equipped_item_action",
                                "equipment_slot": "mainhand",
                                "action": {
                                    "type": "origins:consume",
                                    "amount": 1
                                }
                            },
                            {
                                "type": "origins:execute_command",
                                "command": "playsound minecraft:item.dye.use master @a[distance=..3]",
                                "permission_level": 4
                            },
                            {
                                "type": "origins:execute_command",
                                "command": "item replace entity @s armor.head with minecraft:air",
                                "permission_level": 4
                            }
                        ]
                    }
                },
                {
                    "condition": {
                        "type": "origins:equipped_item",
                        "equipment_slot": "mainhand",
                        "item_condition": {
                            "type": "origins:ingredient",
                            "ingredient": {
                                "item": "minecraft:orange_dye"
                            }
                        }
                    },
                    "action": {
                        "type": "origins:and",
                        "actions": [
                            {
                                "type": "origins:execute_command",
                                "command": "resource set @s smo:color_resource 15",
                                "permission_level": 4
                            },
                            {
                                "type": "origins:equipped_item_action",
                                "equipment_slot": "mainhand",
                                "action": {
                                    "type": "origins:consume",
                                    "amount": 1
                                }
                            },
                            {
                                "type": "origins:execute_command",
                                "command": "playsound minecraft:item.dye.use master @a[distance=..3]",
                                "permission_level": 4
                            },
                            {
                                "type": "origins:execute_command",
                                "command": "item replace entity @s armor.head with minecraft:air",
                                "permission_level": 4
                            }
                        ]
                    }
                },
                {
                    "condition": {
                        "type": "origins:equipped_item",
                        "equipment_slot": "mainhand",
                        "item_condition": {
                            "type": "origins:ingredient",
                            "ingredient": {
                                "item": "minecraft:white_dye"
                            }
                        }
                    },
                    "action": {
                        "type": "origins:and",
                        "actions": [
                            {
                                "type": "origins:execute_command",
                                "command": "resource set @s smo:color_resource 16",
                                "permission_level": 4
                            },
                            {
                                "type": "origins:equipped_item_action",
                                "equipment_slot": "mainhand",
                                "action": {
                                    "type": "origins:consume",
                                    "amount": 1
                                }
                            },
                            {
                                "type": "origins:execute_command",
                                "command": "playsound minecraft:item.dye.use master @a[distance=..3]",
                                "permission_level": 4
                            },
                            {
                                "type": "origins:execute_command",
                                "command": "item replace entity @s armor.head with minecraft:air",
                                "permission_level": 4
                            }
                        ]
                    }
                }
            ]
        },
        "key": {
            "key": "key.use"
        },
        "condition": {
            "type": "origins:and",
            "conditions": [
                {
                    "type": "origins:command",
                    "command": "execute if entity @e[type=minecraft:armor_stand,tag=Cappy]",
                    "comparison": "==",
                    "compare_to": 0
                }
            ]
        }
    },
    "hidden": true
}