{
    "type": "origins:action_over_time",
    "interval": 1,
    "entity_action": {
        "type": "origins:execute_command",
        "command": "effect give @s minecraft:fire_resistance 1 0 true",
        "permission_level": 4
    },
    "condition": {
        "type": "origins:or",
        "conditions": [
            {
                "type": "origins:command",
                "command": "execute if entity @e[tag=CappyCapture,distance=..5,tag=!Mario,type=minecraft:blaze]",
                "comparison": "==",
                "compare_to": 1
            },
            {
                "type": "origins:command",
                "command": "execute if entity @e[tag=CappyCapture,distance=..5,tag=!Mario,type=minecraft:strider]",
                "comparison": "==",
                "compare_to": 1
            },
            {
                "type": "origins:command",
                "command": "execute if entity @e[tag=CappyCapture,distance=..5,tag=!Mario,type=minecraft:fireball]",
                "comparison": "==",
                "compare_to": 1
            },
            {
                "type": "origins:command",
                "command": "execute if entity @e[tag=CappyCapture,distance=..5,tag=!Mario,type=minecraft:ghast]",
                "comparison": "==",
                "compare_to": 1
            },
            {
                "type": "origins:command",
                "command": "execute if entity @e[tag=CappyCapture,distance=..5,tag=!Mario,type=minecraft:small_fireball]",
                "comparison": "==",
                "compare_to": 1
            },
            {
                "type": "origins:command",
                "command": "execute if entity @e[tag=CappyCapture,distance=..5,tag=!Mario,type=minecraft:trident]",
                "comparison": "==",
                "compare_to": 1
            },
            {
                "type": "origins:command",
                "command": "execute if entity @e[tag=CappyCapture,distance=..5,tag=!Mario,type=minecraft:wither]",
                "comparison": "==",
                "compare_to": 1
            },
            {
                "type": "origins:command",
                "command": "execute if entity @e[tag=CappyCapture,distance=..5,tag=!Mario,type=minecraft:wither_skeleton]",
                "comparison": "==",
                "compare_to": 1
            }
        ]
    },
    "hidden": true
}