{
    "type": "origins:multiple",
    "loop": {
        "type": "origins:action_over_time",
        "interval": 1,
        "entity_action": {
            "type": "origins:if_else_list",
            "actions": [
                {
                    "condition": {
                        "type": "origins:resource",
                        "resource": "smo:color_resource",
                        "comparison": "==",
                        "compare_to": 1
                    },
                    "action": {
                        "type": "origins:and",
                        "actions": [
                            {
                                "type": "origins:execute_command",
                                "command": "item replace entity @s armor.head with minecraft:leather_helmet{display:{color:0},Enchantments:[{id:binding_curse,lvl:1},{id:vanishing_curse,lvl:3}],Unbreakable:1,HideFlags:1}",
                                "permission_level": 4
                            }
                        ]
                    }
                },
                {
                    "condition": {
                        "type": "origins:resource",
                        "resource": "smo:color_resource",
                        "comparison": "==",
                        "compare_to": 2
                    },
                    "action": {
                        "type": "origins:and",
                        "actions": [
                            {
                                "type": "origins:execute_command",
                                "command": "item replace entity @s armor.head with minecraft:leather_helmet{display:{color:16711680},Enchantments:[{id:binding_curse,lvl:1},{id:vanishing_curse,lvl:3}],Unbreakable:1,HideFlags:1}",
                                "permission_level": 4
                            }
                        ]
                    }
                },
                {
                    "condition": {
                        "type": "origins:resource",
                        "resource": "smo:color_resource",
                        "comparison": "==",
                        "compare_to": 3
                    },
                    "action": {
                        "type": "origins:and",
                        "actions": [
                            {
                                "type": "origins:execute_command",
                                "command": "item replace entity @s armor.head with minecraft:leather_helmet{display:{color:35840},Enchantments:[{id:binding_curse,lvl:1},{id:vanishing_curse,lvl:3}],Unbreakable:1,HideFlags:1}",
                                "permission_level": 4
                            }
                        ]
                    }
                },
                {
                    "condition": {
                        "type": "origins:resource",
                        "resource": "smo:color_resource",
                        "comparison": "==",
                        "compare_to": 4
                    },
                    "action": {
                        "type": "origins:and",
                        "actions": [
                            {
                                "type": "origins:execute_command",
                                "command": "item replace entity @s armor.head with minecraft:leather_helmet{display:{color:10119244},Enchantments:[{id:binding_curse,lvl:1},{id:vanishing_curse,lvl:3}],Unbreakable:1,HideFlags:1}",
                                "permission_level": 4
                            }
                        ]
                    }
                },
                {
                    "condition": {
                        "type": "origins:resource",
                        "resource": "smo:color_resource",
                        "comparison": "==",
                        "compare_to": 5
                    },
                    "action": {
                        "type": "origins:and",
                        "actions": [
                            {
                                "type": "origins:execute_command",
                                "command": "item replace entity @s armor.head with minecraft:leather_helmet{display:{color:255},Enchantments:[{id:binding_curse,lvl:1},{id:vanishing_curse,lvl:3}],Unbreakable:1,HideFlags:1}",
                                "permission_level": 4
                            }
                        ]
                    }
                },
                {
                    "condition": {
                        "type": "origins:resource",
                        "resource": "smo:color_resource",
                        "comparison": "==",
                        "compare_to": 6
                    },
                    "action": {
                        "type": "origins:and",
                        "actions": [
                            {
                                "type": "origins:execute_command",
                                "command": "item replace entity @s armor.head with minecraft:leather_helmet{display:{color:8388863},Enchantments:[{id:binding_curse,lvl:1},{id:vanishing_curse,lvl:3}],Unbreakable:1,HideFlags:1}",
                                "permission_level": 4
                            }
                        ]
                    }
                },
                {
                    "condition": {
                        "type": "origins:resource",
                        "resource": "smo:color_resource",
                        "comparison": "==",
                        "compare_to": 7
                    },
                    "action": {
                        "type": "origins:and",
                        "actions": [
                            {
                                "type": "origins:execute_command",
                                "command": "item replace entity @s armor.head with minecraft:leather_helmet{display:{color:51129},Enchantments:[{id:binding_curse,lvl:1},{id:vanishing_curse,lvl:3}],Unbreakable:1,HideFlags:1}",
                                "permission_level": 4
                            }
                        ]
                    }
                },
                {
                    "condition": {
                        "type": "origins:resource",
                        "resource": "smo:color_resource",
                        "comparison": "==",
                        "compare_to": 8
                    },
                    "action": {
                        "type": "origins:and",
                        "actions": [
                            {
                                "type": "origins:execute_command",
                                "command": "item replace entity @s armor.head with minecraft:leather_helmet{display:{color:13157315},Enchantments:[{id:binding_curse,lvl:1},{id:vanishing_curse,lvl:3}],Unbreakable:1,HideFlags:1}",
                                "permission_level": 4
                            }
                        ]
                    }
                },
                {
                    "condition": {
                        "type": "origins:resource",
                        "resource": "smo:color_resource",
                        "comparison": "==",
                        "compare_to": 9
                    },
                    "action": {
                        "type": "origins:and",
                        "actions": [
                            {
                                "type": "origins:execute_command",
                                "command": "item replace entity @s armor.head with minecraft:leather_helmet{display:{color:7500402},Enchantments:[{id:binding_curse,lvl:1},{id:vanishing_curse,lvl:3}],Unbreakable:1,HideFlags:1}",
                                "permission_level": 4
                            }
                        ]
                    }
                },
                {
                    "condition": {
                        "type": "origins:resource",
                        "resource": "smo:color_resource",
                        "comparison": "==",
                        "compare_to": 10
                    },
                    "action": {
                        "type": "origins:and",
                        "actions": [
                            {
                                "type": "origins:execute_command",
                                "command": "item replace entity @s armor.head with minecraft:leather_helmet{display:{color:16756735},Enchantments:[{id:binding_curse,lvl:1},{id:vanishing_curse,lvl:3}],Unbreakable:1,HideFlags:1}",
                                "permission_level": 4
                            }
                        ]
                    }
                },
                {
                    "condition": {
                        "type": "origins:resource",
                        "resource": "smo:color_resource",
                        "comparison": "==",
                        "compare_to": 11
                    },
                    "action": {
                        "type": "origins:and",
                        "actions": [
                            {
                                "type": "origins:execute_command",
                                "command": "item replace entity @s armor.head with minecraft:leather_helmet{display:{color:3658007},Enchantments:[{id:binding_curse,lvl:1},{id:vanishing_curse,lvl:3}],Unbreakable:1,HideFlags:1}",
                                "permission_level": 4
                            }
                        ]
                    }
                },
                {
                    "condition": {
                        "type": "origins:resource",
                        "resource": "smo:color_resource",
                        "comparison": "==",
                        "compare_to": 12
                    },
                    "action": {
                        "type": "origins:and",
                        "actions": [
                            {
                                "type": "origins:execute_command",
                                "command": "item replace entity @s armor.head with minecraft:leather_helmet{display:{color:16776960},Enchantments:[{id:binding_curse,lvl:1},{id:vanishing_curse,lvl:3}],Unbreakable:1,HideFlags:1}",
                                "permission_level": 4
                            }
                        ]
                    }
                },
                {
                    "condition": {
                        "type": "origins:resource",
                        "resource": "smo:color_resource",
                        "comparison": "==",
                        "compare_to": 13
                    },
                    "action": {
                        "type": "origins:and",
                        "actions": [
                            {
                                "type": "origins:execute_command",
                                "command": "item replace entity @s armor.head with minecraft:leather_helmet{display:{color:8839679},Enchantments:[{id:binding_curse,lvl:1},{id:vanishing_curse,lvl:3}],Unbreakable:1,HideFlags:1}",
                                "permission_level": 4
                            }
                        ]
                    }
                },
                {
                    "condition": {
                        "type": "origins:resource",
                        "resource": "smo:color_resource",
                        "comparison": "==",
                        "compare_to": 14
                    },
                    "action": {
                        "type": "origins:and",
                        "actions": [
                            {
                                "type": "origins:execute_command",
                                "command": "item replace entity @s armor.head with minecraft:leather_helmet{display:{color:13041919},Enchantments:[{id:binding_curse,lvl:1},{id:vanishing_curse,lvl:3}],Unbreakable:1,HideFlags:1}",
                                "permission_level": 4
                            }
                        ]
                    }
                },
                {
                    "condition": {
                        "type": "origins:resource",
                        "resource": "smo:color_resource",
                        "comparison": "==",
                        "compare_to": 15
                    },
                    "action": {
                        "type": "origins:and",
                        "actions": [
                            {
                                "type": "origins:execute_command",
                                "command": "item replace entity @s armor.head with minecraft:leather_helmet{display:{color:16748544},Enchantments:[{id:binding_curse,lvl:1},{id:vanishing_curse,lvl:3}],Unbreakable:1,HideFlags:1}",
                                "permission_level": 4
                            }
                        ]
                    }
                },
                {
                    "condition": {
                        "type": "origins:resource",
                        "resource": "smo:color_resource",
                        "comparison": "==",
                        "compare_to": 16
                    },
                    "action": {
                        "type": "origins:and",
                        "actions": [
                            {
                                "type": "origins:execute_command",
                                "command": "item replace entity @s armor.head with minecraft:leather_helmet{display:{color:16777215},Enchantments:[{id:binding_curse,lvl:1},{id:vanishing_curse,lvl:3}],Unbreakable:1,HideFlags:1}",
                                "permission_level": 4
                            }
                        ]
                    }
                }
            ]
        },
        "condition": {
            "type": "origins:and",
            "conditions": [
                {
                    "type": "origins:command",
                    "command": "execute if entity @e[type=minecraft:armor_stand,tag=Cappy,distance=..300]",
                    "comparison": "==",
                    "compare_to": 0
                },
                {
                    "type": "origins:equipped_item",
                    "equipment_slot": "head",
                    "item_condition": {
                        "type": "origins:ingredient",
                        "ingredient": {
                            "item": "minecraft:leather_helmet"
                        }
                    },
                    "inverted": true
                }
            ]
        }
    },
    "loop2": {
        "type": "origins:action_over_time",
        "interval": 1,
        "entity_action": {
            "type": "origins:execute_command",
            "command": "item replace entity @s armor.head with minecraft:air",
            "permission_level": 4
        },
        "condition": {
            "type": "origins:command",
            "command": "execute if entity @e[type=minecraft:armor_stand,tag=Cappy,distance=..300]",
            "comparison": ">=",
            "compare_to": 1
        }
    },
    "unselect": {
        "type": "origins:action_on_callback",
        "entity_action_lost": {
            "type": "origins:execute_command",
            "command": "item replace entity @s armor.head with minecraft:air",
            "permission_level": 4
        }
    },
    "armor": {
        "type": "origins:restrict_armor",
        "head": {
            "type": "origins:armor_value",
            "comparison": ">",
            "compare_to": 1
        },
        "chest": {
            "type": "origins:armor_value",
            "comparison": ">",
            "compare_to": 0
        },
        "legs": {
            "type": "origins:armor_value",
            "comparison": ">",
            "compare_to": 0
        },
        "feet": {
            "type": "origins:armor_value",
            "comparison": ">",
            "compare_to": 0
        }
    },
    "hidden": false,
    "name": "Armor",
    "description": "You cannot wear any armor (besides cappy)."
}