{
    "type": "origins:multiple",
    "hidden": true,
    "change": {
        "type": "origins:action_over_time",
        "interval": 1,
        "rising_action": {
            "type": "origins:and",
            "actions": [
                {
                    "type": "origins:if_else_list",
                    "actions": [
                        {
                            "condition": {
                                "type": "origins:or",
                                "conditions": [
                                    {
                                        "type": "origins:command",
                                        "command": "execute if entity @e[tag=CappyCapture,distance=..5,tag=!Mario,type=minecraft:endermite]",
                                        "comparison": "==",
                                        "compare_to": 1
                                    },
                                    {
                                        "type": "origins:command",
                                        "command": "execute if entity @e[tag=CappyCapture,distance=..5,tag=!Mario,type=minecraft:silverfish]",
                                        "comparison": "==",
                                        "compare_to": 1
                                    }
                                ]
                            },
                            "action": {
                                "type": "origins:and",
                                "actions": [
                                    {
                                        "type": "origins:execute_command",
                                        "command": "scale set pehkui:hitbox_width 0.7",
                                        "permission_level": 4
                                    },
                                    {
                                        "type": "origins:execute_command",
                                        "command": "scale set pehkui:hitbox_height 0.2",
                                        "permission_level": 4
                                    },
                                    {
                                        "type": "origins:execute_command",
                                        "command": "scale set pehkui:eye_height 0.1",
                                        "permission_level": 4
                                    }
                                ]
                            }
                        },
                        {
                            "condition": {
                                "type": "origins:or",
                                "conditions": [
                                    {
                                        "type": "origins:command",
                                        "command": "execute if entity @e[tag=CappyCapture,distance=..5,tag=!Mario,type=minecraft:bee]",
                                        "comparison": "==",
                                        "compare_to": 1
                                    }
                                ]
                            },
                            "action": {
                                "type": "origins:and",
                                "actions": [
                                    {
                                        "type": "origins:execute_command",
                                        "command": "scale set pehkui:hitbox_width 0.8",
                                        "permission_level": 4
                                    },
                                    {
                                        "type": "origins:execute_command",
                                        "command": "scale set pehkui:hitbox_height 0.5",
                                        "permission_level": 4
                                    },
                                    {
                                        "type": "origins:execute_command",
                                        "command": "scale set pehkui:eye_height 0.25",
                                        "permission_level": 4
                                    }
                                ]
                            }
                        },
                        {
                            "condition": {
                                "type": "origins:or",
                                "conditions": [
                                    {
                                        "type": "origins:command",
                                        "command": "execute if entity @e[tag=CappyCapture,distance=..5,tag=!Mario,type=minecraft:axolotl]",
                                        "comparison": "==",
                                        "compare_to": 1
                                    },
                                    {
                                        "type": "origins:command",
                                        "command": "execute if entity @e[tag=CappyCapture,distance=..5,tag=!Mario,type=minecraft:cod]",
                                        "comparison": "==",
                                        "compare_to": 1
                                    },
                                    {
                                        "type": "origins:command",
                                        "command": "execute if entity @e[tag=CappyCapture,distance=..5,tag=!Mario,type=minecraft:tropical_fish]",
                                        "comparison": "==",
                                        "compare_to": 1
                                    },
                                    {
                                        "type": "origins:command",
                                        "command": "execute if entity @e[tag=CappyCapture,distance=..5,tag=!Mario,type=minecraft:pufferfish]",
                                        "comparison": "==",
                                        "compare_to": 1
                                    }
                                ]
                            },
                            "action": {
                                "type": "origins:and",
                                "actions": [
                                    {
                                        "type": "origins:execute_command",
                                        "command": "scale set pehkui:hitbox_width 0.8",
                                        "permission_level": 4
                                    },
                                    {
                                        "type": "origins:execute_command",
                                        "command": "scale set pehkui:hitbox_height 0.2",
                                        "permission_level": 4
                                    },
                                    {
                                        "type": "origins:execute_command",
                                        "command": "scale set pehkui:eye_height 0.15",
                                        "permission_level": 4
                                    }
                                ]
                            }
                        },
                        {
                            "condition": {
                                "type": "origins:or",
                                "conditions": [
                                    {
                                        "type": "origins:command",
                                        "command": "execute if entity @e[tag=CappyCapture,distance=..5,tag=!Mario,type=minecraft:bat]",
                                        "comparison": "==",
                                        "compare_to": 1
                                    }
                                ]
                            },
                            "action": {
                                "type": "origins:and",
                                "actions": [
                                    {
                                        "type": "origins:execute_command",
                                        "command": "scale set pehkui:hitbox_width 0.8",
                                        "permission_level": 4
                                    },
                                    {
                                        "type": "origins:execute_command",
                                        "command": "scale set pehkui:hitbox_height 0.5",
                                        "permission_level": 4
                                    },
                                    {
                                        "type": "origins:execute_command",
                                        "command": "scale set pehkui:eye_height 0.35",
                                        "permission_level": 4
                                    }
                                ]
                            }
                        },
                        {
                            "condition": {
                                "type": "origins:or",
                                "conditions": [
                                    {
                                        "type": "origins:command",
                                        "command": "execute if entity @e[tag=CappyCapture,distance=..5,tag=!Mario,type=minecraft:salmon]",
                                        "comparison": "==",
                                        "compare_to": 1
                                    }
                                ]
                            },
                            "action": {
                                "type": "origins:and",
                                "actions": [
                                    {
                                        "type": "origins:execute_command",
                                        "command": "scale set pehkui:hitbox_width 1",
                                        "permission_level": 4
                                    },
                                    {
                                        "type": "origins:execute_command",
                                        "command": "scale set pehkui:hitbox_height 0.2",
                                        "permission_level": 4
                                    },
                                    {
                                        "type": "origins:execute_command",
                                        "command": "scale set pehkui:eye_height 0.15",
                                        "permission_level": 4
                                    }
                                ]
                            }
                        },
                        {
                            "condition": {
                                "type": "origins:or",
                                "conditions": [
                                    {
                                        "type": "origins:command",
                                        "command": "execute if entity @e[tag=CappyCapture,distance=..5,tag=!Mario,type=minecraft:pig]",
                                        "comparison": "==",
                                        "compare_to": 1
                                    }
                                ]
                            },
                            "action": {
                                "type": "origins:and",
                                "actions": [
                                    {
                                        "type": "origins:execute_command",
                                        "command": "scale set pehkui:hitbox_width 1.1",
                                        "permission_level": 4
                                    },
                                    {
                                        "type": "origins:execute_command",
                                        "command": "scale set pehkui:hitbox_height 0.57",
                                        "permission_level": 4
                                    },
                                    {
                                        "type": "origins:execute_command",
                                        "command": "scale set pehkui:eye_height 0.5",
                                        "permission_level": 4
                                    }
                                ]
                            }
                        },
                        {
                            "condition": {
                                "type": "origins:or",
                                "conditions": [
                                    {
                                        "type": "origins:command",
                                        "command": "execute if entity @e[tag=CappyCapture,distance=..5,tag=!Mario,type=minecraft:rabbit]",
                                        "comparison": "==",
                                        "compare_to": 1
                                    }
                                ]
                            },
                            "action": {
                                "type": "origins:and",
                                "actions": [
                                    {
                                        "type": "origins:execute_command",
                                        "command": "scale set pehkui:hitbox_width 0.5",
                                        "permission_level": 4
                                    },
                                    {
                                        "type": "origins:execute_command",
                                        "command": "scale set pehkui:hitbox_height 0.3",
                                        "permission_level": 4
                                    },
                                    {
                                        "type": "origins:execute_command",
                                        "command": "scale set pehkui:eye_height 0.3",
                                        "permission_level": 4
                                    }
                                ]
                            }
                        },
                        {
                            "condition": {
                                "type": "origins:or",
                                "conditions": [
                                    {
                                        "type": "origins:command",
                                        "command": "execute if entity @e[tag=CappyCapture,distance=..5,tag=!Mario,type=minecraft:llama]",
                                        "comparison": "==",
                                        "compare_to": 1
                                    },
                                    {
                                        "type": "origins:command",
                                        "command": "execute if entity @e[tag=CappyCapture,distance=..5,tag=!Mario,type=minecraft:trader_llama]",
                                        "comparison": "==",
                                        "compare_to": 1
                                    }
                                ]
                            },
                            "action": {
                                "type": "origins:and",
                                "actions": [
                                    {
                                        "type": "origins:execute_command",
                                        "command": "scale set pehkui:hitbox_width 1.1",
                                        "permission_level": 4
                                    },
                                    {
                                        "type": "origins:execute_command",
                                        "command": "scale set pehkui:hitbox_height 1",
                                        "permission_level": 4
                                    },
                                    {
                                        "type": "origins:execute_command",
                                        "command": "scale set pehkui:eye_height 1.1",
                                        "permission_level": 4
                                    }
                                ]
                            }
                        },
                        {
                            "condition": {
                                "type": "origins:or",
                                "conditions": [
                                    {
                                        "type": "origins:command",
                                        "command": "execute if entity @e[tag=CappyCapture,distance=..5,tag=!Mario,type=minecraft:enderman]",
                                        "comparison": "==",
                                        "compare_to": 1
                                    }
                                ]
                            },
                            "action": {
                                "type": "origins:and",
                                "actions": [
                                    {
                                        "type": "origins:execute_command",
                                        "command": "scale set pehkui:hitbox_width 0.9",
                                        "permission_level": 4
                                    },
                                    {
                                        "type": "origins:execute_command",
                                        "command": "scale set pehkui:hitbox_height 1.5",
                                        "permission_level": 4
                                    },
                                    {
                                        "type": "origins:execute_command",
                                        "command": "scale set pehkui:eye_height 1.57",
                                        "permission_level": 4
                                    }
                                ]
                            }
                        },
                        {
                            "condition": {
                                "type": "origins:or",
                                "conditions": [
                                    {
                                        "type": "origins:command",
                                        "command": "execute if entity @e[tag=CappyCapture,distance=..5,tag=!Mario,type=minecraft:ghast]",
                                        "comparison": "==",
                                        "compare_to": 1
                                    }
                                ]
                            },
                            "action": {
                                "type": "origins:and",
                                "actions": [
                                    {
                                        "type": "origins:execute_command",
                                        "command": "scale set pehkui:hitbox_width 5",
                                        "permission_level": 4
                                    },
                                    {
                                        "type": "origins:execute_command",
                                        "command": "scale set pehkui:hitbox_height 2",
                                        "permission_level": 4
                                    },
                                    {
                                        "type": "origins:execute_command",
                                        "command": "scale set pehkui:eye_height 1.75",
                                        "permission_level": 4
                                    }
                                ]
                            }
                        },
                        {
                            "condition": {
                                "type": "origins:or",
                                "conditions": [
                                    {
                                        "type": "origins:command",
                                        "command": "execute if entity @e[tag=CappyCapture,distance=..5,tag=!Mario,type=minecraft:ravager]",
                                        "comparison": "==",
                                        "compare_to": 1
                                    }
                                ]
                            },
                            "action": {
                                "type": "origins:and",
                                "actions": [
                                    {
                                        "type": "origins:execute_command",
                                        "command": "scale set pehkui:hitbox_width 2.7",
                                        "permission_level": 4
                                    },
                                    {
                                        "type": "origins:execute_command",
                                        "command": "scale set pehkui:hitbox_height 1.2",
                                        "permission_level": 4
                                    },
                                    {
                                        "type": "origins:execute_command",
                                        "command": "scale set pehkui:eye_height 0.85",
                                        "permission_level": 4
                                    }
                                ]
                            }
                        },
                        {
                            "condition": {
                                "type": "origins:or",
                                "conditions": [
                                    {
                                        "type": "origins:command",
                                        "command": "execute if entity @e[tag=CappyCapture,distance=..5,tag=!Mario,type=minecraft:iron_golem]",
                                        "comparison": "==",
                                        "compare_to": 1
                                    }
                                ]
                            },
                            "action": {
                                "type": "origins:and",
                                "actions": [
                                    {
                                        "type": "origins:execute_command",
                                        "command": "scale set pehkui:hitbox_width 2",
                                        "permission_level": 4
                                    },
                                    {
                                        "type": "origins:execute_command",
                                        "command": "scale set pehkui:hitbox_height 1.4",
                                        "permission_level": 4
                                    },
                                    {
                                        "type": "origins:execute_command",
                                        "command": "scale set pehkui:eye_height 1.43",
                                        "permission_level": 4
                                    }
                                ]
                            }
                        },
                        {
                            "condition": {
                                "type": "origins:or",
                                "conditions": [
                                    {
                                        "type": "origins:command",
                                        "command": "execute if entity @e[tag=CappyCapture,distance=..5,tag=!Mario,type=minecraft:boat]",
                                        "comparison": "==",
                                        "compare_to": 1
                                    }
                                ]
                            },
                            "action": {
                                "type": "origins:and",
                                "actions": [
                                    {
                                        "type": "origins:execute_command",
                                        "command": "scale set pehkui:hitbox_width 1.9",
                                        "permission_level": 4
                                    },
                                    {
                                        "type": "origins:execute_command",
                                        "command": "scale set pehkui:hitbox_height 0.29",
                                        "permission_level": 4
                                    },
                                    {
                                        "type": "origins:execute_command",
                                        "command": "scale set pehkui:eye_height 0.2",
                                        "permission_level": 4
                                    }
                                ]
                            }
                        },
                        {
                            "condition": {
                                "type": "origins:or",
                                "conditions": [
                                    {
                                        "type": "origins:command",
                                        "command": "execute if entity @e[tag=CappyCapture,distance=..5,tag=!Mario,type=minecraft:spider]",
                                        "comparison": "==",
                                        "compare_to": 1
                                    }
                                ]
                            },
                            "action": {
                                "type": "origins:and",
                                "actions": [
                                    {
                                        "type": "origins:execute_command",
                                        "command": "scale set pehkui:hitbox_width 1.9",
                                        "permission_level": 4
                                    },
                                    {
                                        "type": "origins:execute_command",
                                        "command": "scale set pehkui:hitbox_height 0.5",
                                        "permission_level": 4
                                    },
                                    {
                                        "type": "origins:execute_command",
                                        "command": "scale set pehkui:eye_height 0.4",
                                        "permission_level": 4
                                    }
                                ]
                            }
                        },
                        {
                            "condition": {
                                "type": "origins:or",
                                "conditions": [
                                    {
                                        "type": "origins:command",
                                        "command": "execute if entity @e[tag=CappyCapture,distance=..5,tag=!Mario,type=minecraft:turtle]",
                                        "comparison": "==",
                                        "compare_to": 1
                                    }
                                ]
                            },
                            "action": {
                                "type": "origins:and",
                                "actions": [
                                    {
                                        "type": "origins:execute_command",
                                        "command": "scale set pehkui:hitbox_width 1.9",
                                        "permission_level": 4
                                    },
                                    {
                                        "type": "origins:execute_command",
                                        "command": "scale set pehkui:hitbox_height 0.5",
                                        "permission_level": 4
                                    },
                                    {
                                        "type": "origins:execute_command",
                                        "command": "scale set pehkui:eye_height 0.25",
                                        "permission_level": 4
                                    }
                                ]
                            }
                        },
                        {
                            "condition": {
                                "type": "origins:or",
                                "conditions": [
                                    {
                                        "type": "origins:command",
                                        "command": "execute if entity @e[tag=CappyCapture,distance=..5,tag=!Mario,type=minecraft:cat]",
                                        "comparison": "==",
                                        "compare_to": 1
                                    },
                                    {
                                        "type": "origins:command",
                                        "command": "execute if entity @e[tag=CappyCapture,distance=..5,tag=!Mario,type=minecraft:ocelot]",
                                        "comparison": "==",
                                        "compare_to": 1
                                    }
                                ]
                            },
                            "action": {
                                "type": "origins:and",
                                "actions": [
                                    {
                                        "type": "origins:execute_command",
                                        "command": "scale set pehkui:hitbox_width 0.7",
                                        "permission_level": 4
                                    },
                                    {
                                        "type": "origins:execute_command",
                                        "command": "scale set pehkui:hitbox_height 0.35",
                                        "permission_level": 4
                                    },
                                    {
                                        "type": "origins:execute_command",
                                        "command": "scale set pehkui:eye_height 0.4",
                                        "permission_level": 4
                                    }
                                ]
                            }
                        },
                        {
                            "condition": {
                                "type": "origins:or",
                                "conditions": [
                                    {
                                        "type": "origins:command",
                                        "command": "execute if entity @e[tag=CappyCapture,distance=..5,tag=!Mario,type=minecraft:cave_spider]",
                                        "comparison": "==",
                                        "compare_to": 1
                                    }
                                ]
                            },
                            "action": {
                                "type": "origins:and",
                                "actions": [
                                    {
                                        "type": "origins:execute_command",
                                        "command": "scale set pehkui:hitbox_width 1",
                                        "permission_level": 4
                                    },
                                    {
                                        "type": "origins:execute_command",
                                        "command": "scale set pehkui:hitbox_height 0.28",
                                        "permission_level": 4
                                    },
                                    {
                                        "type": "origins:execute_command",
                                        "command": "scale set pehkui:eye_height 0.3",
                                        "permission_level": 4
                                    }
                                ]
                            }
                        },
                        {
                            "condition": {
                                "type": "origins:or",
                                "conditions": [
                                    {
                                        "type": "origins:command",
                                        "command": "execute if entity @e[tag=CappyCapture,distance=..5,tag=!Mario,type=minecraft:fox]",
                                        "comparison": "==",
                                        "compare_to": 1
                                    },
                                    {
                                        "type": "origins:command",
                                        "command": "execute if entity @e[tag=CappyCapture,distance=..5,tag=!Mario,type=minecraft:parrot]",
                                        "comparison": "==",
                                        "compare_to": 1
                                    },
                                    {
                                        "type": "origins:command",
                                        "command": "execute if entity @e[tag=CappyCapture,distance=..5,tag=!Mario,type=minecraft:vex]",
                                        "comparison": "==",
                                        "compare_to": 1
                                    }
                                ]
                            },
                            "action": {
                                "type": "origins:and",
                                "actions": [
                                    {
                                        "type": "origins:execute_command",
                                        "command": "scale set pehkui:hitbox_width 0.8",
                                        "permission_level": 4
                                    },
                                    {
                                        "type": "origins:execute_command",
                                        "command": "scale set pehkui:hitbox_height 0.5",
                                        "permission_level": 4
                                    },
                                    {
                                        "type": "origins:execute_command",
                                        "command": "scale set pehkui:eye_height 0.3",
                                        "permission_level": 4
                                    }
                                ]
                            }
                        },
                        {
                            "condition": {
                                "type": "origins:or",
                                "conditions": [
                                    {
                                        "type": "origins:command",
                                        "command": "execute if entity @e[tag=CappyCapture,distance=..5,tag=!Mario,type=minecraft:chicken]",
                                        "comparison": "==",
                                        "compare_to": 1
                                    }
                                ]
                            },
                            "action": {
                                "type": "origins:and",
                                "actions": [
                                    {
                                        "type": "origins:execute_command",
                                        "command": "scale set pehkui:hitbox_width 0.8",
                                        "permission_level": 4
                                    },
                                    {
                                        "type": "origins:execute_command",
                                        "command": "scale set pehkui:hitbox_height 0.5",
                                        "permission_level": 4
                                    },
                                    {
                                        "type": "origins:execute_command",
                                        "command": "scale set pehkui:eye_height 0.49",
                                        "permission_level": 4
                                    }
                                ]
                            }
                        },
                        {
                            "condition": {
                                "type": "origins:or",
                                "conditions": [
                                    {
                                        "type": "origins:command",
                                        "command": "execute if entity @e[tag=CappyCapture,distance=..5,tag=!Mario,type=minecraft:giant]",
                                        "comparison": "==",
                                        "compare_to": 1
                                    }
                                ]
                            },
                            "action": {
                                "type": "origins:and",
                                "actions": [
                                    {
                                        "type": "origins:execute_command",
                                        "command": "scale set pehkui:hitbox_width 5",
                                        "permission_level": 4
                                    },
                                    {
                                        "type": "origins:execute_command",
                                        "command": "scale set pehkui:hitbox_height 6.5",
                                        "permission_level": 4
                                    },
                                    {
                                        "type": "origins:execute_command",
                                        "command": "scale set pehkui:eye_height 6.45",
                                        "permission_level": 4
                                    },
                                    {
                                        "type": "origins:execute_command",
                                        "command": "scale set pehkui:reach 5",
                                        "permission_level": 4
                                    },
                                    {
                                        "type": "origins:execute_command",
                                        "command": "scale set pehkui:motion 2",
                                        "permission_level": 4
                                    }
                                ]
                            }
                        },
                        {
                            "condition": {
                                "type": "origins:or",
                                "conditions": [
                                    {
                                        "type": "origins:command",
                                        "command": "execute if entity @e[tag=CappyCapture,distance=..5,tag=!Mario,type=minecraft:squid]",
                                        "comparison": "==",
                                        "compare_to": 1
                                    },
                                    {
                                        "type": "origins:command",
                                        "command": "execute if entity @e[tag=CappyCapture,distance=..5,tag=!Mario,type=minecraft:glow_squid]",
                                        "comparison": "==",
                                        "compare_to": 1
                                    }
                                ]
                            },
                            "action": {
                                "type": "origins:and",
                                "actions": [
                                    {
                                        "type": "origins:execute_command",
                                        "command": "scale set pehkui:hitbox_width 1",
                                        "permission_level": 4
                                    },
                                    {
                                        "type": "origins:execute_command",
                                        "command": "scale set pehkui:hitbox_height 0.5",
                                        "permission_level": 4
                                    },
                                    {
                                        "type": "origins:execute_command",
                                        "command": "scale set pehkui:eye_height 0.3",
                                        "permission_level": 4
                                    }
                                ]
                            }
                        },
                        {
                            "condition": {
                                "type": "origins:or",
                                "conditions": [
                                    {
                                        "type": "origins:command",
                                        "command": "execute if entity @e[tag=CappyCapture,distance=..5,tag=!Mario,type=minecraft:wolf]",
                                        "comparison": "==",
                                        "compare_to": 1
                                    }
                                ]
                            },
                            "action": {
                                "type": "origins:and",
                                "actions": [
                                    {
                                        "type": "origins:execute_command",
                                        "command": "scale set pehkui:hitbox_width 0.8",
                                        "permission_level": 4
                                    },
                                    {
                                        "type": "origins:execute_command",
                                        "command": "scale set pehkui:hitbox_height 0.5",
                                        "permission_level": 4
                                    },
                                    {
                                        "type": "origins:execute_command",
                                        "command": "scale set pehkui:eye_height 0.45",
                                        "permission_level": 4
                                    }
                                ]
                            }
                        },
                        {
                            "condition": {
                                "type": "origins:or",
                                "conditions": [
                                    {
                                        "type": "origins:command",
                                        "command": "execute if entity @e[tag=CappyCapture,distance=..5,tag=!Mario,type=minecraft:wither]",
                                        "comparison": "==",
                                        "compare_to": 1
                                    }
                                ]
                            },
                            "action": {
                                "type": "origins:and",
                                "actions": [
                                    {
                                        "type": "origins:execute_command",
                                        "command": "scale set pehkui:hitbox_width 1.1",
                                        "permission_level": 4
                                    },
                                    {
                                        "type": "origins:execute_command",
                                        "command": "scale set pehkui:hitbox_height 1.9",
                                        "permission_level": 4
                                    },
                                    {
                                        "type": "origins:execute_command",
                                        "command": "scale set pehkui:eye_height 1.81",
                                        "permission_level": 4
                                    }
                                ]
                            }
                        },
                        {
                            "condition": {
                                "type": "origins:or",
                                "conditions": [
                                    {
                                        "type": "origins:command",
                                        "command": "execute if entity @e[tag=CappyCapture,distance=..5,tag=!Mario,type=minecraft:warden]",
                                        "comparison": "==",
                                        "compare_to": 1
                                    }
                                ]
                            },
                            "action": {
                                "type": "origins:and",
                                "actions": [
                                    {
                                        "type": "origins:execute_command",
                                        "command": "scale set pehkui:hitbox_width 1.2",
                                        "permission_level": 4
                                    },
                                    {
                                        "type": "origins:execute_command",
                                        "command": "scale set pehkui:hitbox_height 1.6",
                                        "permission_level": 4
                                    },
                                    {
                                        "type": "origins:execute_command",
                                        "command": "scale set pehkui:eye_height 1.5",
                                        "permission_level": 4
                                    }
                                ]
                            }
                        }
                    ]
                }
            ]
        },
        "condition": {
            "type": "origins:resource",
            "resource": "smo:capture_resource",
            "comparison": "==",
            "compare_to": 10
        }
    }
}