{
    "type": "origins:multiple",
    "cap_jump": {
        "type": "origins:action_over_time",
        "interval": 1,
        "rising_action": {
            "type": "origins:and",
            "actions": [
                {
                    "type": "origins:add_velocity",
                    "set": true,
                    "y": 0.7
                },
                {
                    "type": "origins:if_else",
                    "condition": {
                        "type": "origins:moving"
                    },
                    "if_action": {
                        "type": "origins:if_else",
                        "condition": {
                            "type": "origins:sprinting"
                        },
                        "if_action": {
                            "type": "origins:add_velocity",
                            "space":"local",
                            "z": 0.5
                        },
                        "else_action": {
                            "type": "origins:add_velocity",
                            "space":"local",
                            "z": 0.3
                        }
                    }
                },
                {
                    "type": "origins:execute_command",
                    "command": "resource set @s smo:cappy_is_returning 1",
                    "permission_level": 4
                },
                {
                    "type": "origins:execute_command",
                    "command": "resource set @s smo:jump_has_jumped 1",
                    "permission_level": 4
                }
            ]
        },
        "condition": {
            "type": "origins:and",
            "conditions": [
                {
                    "type": "origins:command",
                    "command": "execute if entity @e[type=minecraft:armor_stand,tag=Cappy,distance=..2]",
                    "comparison": "==",
                    "compare_to": 1
                },
                {
                    "type": "origins:resource",
                    "resource": "smo:cappy_is_returning",
                    "comparison": "==",
                    "compare_to": 0
                },
                {
                    "type": "origins:resource",
                    "resource": "smo:capture_resource",
                    "comparison": "==",
                    "compare_to": 0
                },
                {
                    "type": "origins:resource",
                    "resource": "smo:jump_has_jumped",
                    "comparison": "==",
                    "compare_to": 0
                }
            ]
        }
    },
    "has_jumped": {
        "type": "origins:resource",
        "min": 0,
        "max": 1,
        "start_value": 0,
        "hud_render": {
            "should_render": false
        }
    },
    "reset_jump": {
        "type": "origins:action_on_land",
        "condition": {
            "type": "origins:resource",
            "resource": "smo:jump_has_jumped",
            "comparison": "==",
            "compare_to": 1
        },
        "entity_action": {
            "type": "origins:execute_command",
            "command": "resource set @s smo:jump_has_jumped 0",
            "permission_level": 4
        }
    },
    "name": "Cap Jump",
    "description": "When near Cappy, you'll perform a cap jump, boosting yourself into the air, and if moving, forwards."
}