{
    "type": "origins:multiple",
    "teleport": {
        "type": "origins:fire_projectile",
        "cooldown": 30,
        "hud_render": {
            "bar_index": 6
        },
        "entity_type": "origins:enderian_pearl",
        "sound": "minecraft:entity.ender_pearl.throw",
        "speed": 1.5,
        "divergence": 1,
        "key": {
          "key": "key.saveToolbarActivator",
          "continuous": false
        },
        "condition": {
            "type": "origins:or",
            "conditions": [
                {
                    "type": "origins:command",
                    "command": "execute if entity @e[tag=CappyCapture,distance=..5,tag=!Mario,type=minecraft:enderman]",
                    "comparison": "==",
                    "compare_to": 1
                },
                {
                    "type": "origins:command",
                    "command": "execute if entity @e[tag=CappyCapture,distance=..5,tag=!Mario,type=minecraft:illusioner]",
                    "comparison": "==",
                    "compare_to": 1
                }
            ]
        }
    },

    "teleport_fury": {
        "type": "origins:fire_projectile",
        "cooldown": 600,
        "hud_render": {
            "bar_index": 6
        },
        "entity_type": "origins:enderian_pearl",
        "sound": "minecraft:entity.ender_pearl.throw",
        "speed": 0,
        "divergence": 10,
        "count": 100,
        "key": {
          "key": "key.loadToolbarActivator",
          "continuous": false
        },
        "condition": {
            "type": "origins:or",
            "conditions": [
                {
                    "type": "origins:command",
                    "command": "execute if entity @e[tag=CappyCapture,distance=..5,tag=!Mario,type=minecraft:enderman]",
                    "comparison": "==",
                    "compare_to": 1
                }
            ]
        }
    },
    "teleport_fury2": {
        "type": "origins:active_self",
        "entity_action": {
            "type": "origins:and",
            "actions": [
                {
                    "type": "origins:delay",
                    "ticks": 5,
                    "action": {
                        "type": "origins:execute_command",
                        "command": "playsound minecraft:entity.enderman.scream master @a[distance=..20]",
                        "permission_level": 4
                    }
                },
                {
                    "type": "origins:delay",
                    "ticks": 0,
                    "action": {
                        "type": "origins:execute_command",
                        "command": "playsound minecraft:entity.enderman.stare master @a[distance=..15] ~ ~ ~ 3 2",
                        "permission_level": 4
                    }
                },
                {
                    "type": "origins:delay",
                    "ticks": 5,
                    "action": {
                        "type": "origins:execute_command",
                        "command": "tp @e[type=origins:enderian_pearl,distance=..5,limit=1] ~ ~25 ~ ~ 70",
                        "permission_level": 4
                    }
                },
                {
                    "type": "origins:delay",
                    "ticks": 5,
                    "action": {
                        "type": "origins:execute_command",
                        "command": "tp @e[type=origins:enderian_pearl,distance=..5,limit=1] ~1 ~25 ~ ~ 90",
                        "permission_level": 4
                    }
                },
                {
                    "type": "origins:delay",
                    "ticks": 5,
                    "action": {
                        "type": "origins:execute_command",
                        "command": "tp @e[type=origins:enderian_pearl,distance=..5,limit=1] ~ ~24 ~1 ~ 81",
                        "permission_level": 4
                    }
                },
                {
                    "type": "origins:delay",
                    "ticks": 50,
                    "action": {
                        "type": "origins:execute_command",
                        "command": "tp @e[type=origins:enderian_pearl,distance=..5,limit=1] ~35 ~30 ~41 ~ 90",
                        "permission_level": 4
                    }
                },
                {
                    "type": "origins:delay",
                    "ticks": 5,
                    "action": {
                        "type": "origins:execute_command",
                        "command": "tp @e[type=origins:enderian_pearl,distance=..5,limit=1] ~ ~25 ~3 ~ 96",
                        "permission_level": 4
                    }
                },
                {
                    "type": "origins:delay",
                    "ticks": 5,
                    "action": {
                        "type": "origins:execute_command",
                        "command": "tp @e[type=origins:enderian_pearl,distance=..5,limit=1] ~6 ~23 ~ ~ 100",
                        "permission_level": 4
                    }
                },
                {
                    "type": "origins:delay",
                    "ticks": 5,
                    "action": {
                        "type": "origins:execute_command",
                        "command": "tp @e[type=origins:enderian_pearl,distance=..5,limit=1] ~ ~23 ~6 ~ 90",
                        "permission_level": 4
                    }
                },
                {
                    "type": "origins:delay",
                    "ticks": 7,
                    "action": {
                        "type": "origins:execute_command",
                        "command": "tp @e[type=origins:enderian_pearl,distance=..5,limit=1] ~3 ~25 ~3 ~ 75",
                        "permission_level": 4
                    }
                },
                {
                    "type": "origins:delay",
                    "ticks": 3,
                    "action": {
                        "type": "origins:execute_command",
                        "command": "tp @e[type=origins:enderian_pearl,distance=..5,limit=1] ~2 ~27 ~3 ~ 117",
                        "permission_level": 4
                    }
                },
                {
                    "type": "origins:delay",
                    "ticks": 26,
                    "action": {
                        "type": "origins:execute_command",
                        "command": "tp @e[type=origins:enderian_pearl,distance=..5,limit=1] ~1 ~22 ~7 ~ 83",
                        "permission_level": 4
                    }
                },
                {
                    "type": "origins:delay",
                    "ticks": 13,
                    "action": {
                        "type": "origins:execute_command",
                        "command": "tp @e[type=origins:enderian_pearl,distance=..5,limit=1] ~10 ~25 ~9 ~ 90",
                        "permission_level": 4
                    }
                },
                {
                    "type": "origins:delay",
                    "ticks": 15,
                    "action": {
                        "type": "origins:execute_command",
                        "command": "tp @e[type=origins:enderian_pearl,distance=..5,limit=1] ~9 ~25 ~3 ~ 90",
                        "permission_level": 4
                    }
                },
                {
                    "type": "origins:delay",
                    "ticks": 7,
                    "action": {
                        "type": "origins:execute_command",
                        "command": "tp @e[type=origins:enderian_pearl,distance=..5,limit=1] ~1 ~25 ~6 ~ 90",
                        "permission_level": 4
                    }
                },
                {
                    "type": "origins:delay",
                    "ticks": 16,
                    "action": {
                        "type": "origins:execute_command",
                        "command": "tp @e[type=origins:enderian_pearl,distance=..5,limit=1] ~2 ~25 ~6 ~ 90",
                        "permission_level": 4
                    }
                },
                {
                    "type": "origins:delay",
                    "ticks": 7,
                    "action": {
                        "type": "origins:execute_command",
                        "command": "tp @e[type=origins:enderian_pearl,distance=..5,limit=1] ~2 ~22 ~3 ~ 90",
                        "permission_level": 4
                    }
                },
                {
                    "type": "origins:delay",
                    "ticks": 1,
                    "action": {
                        "type": "origins:execute_command",
                        "command": "tp @e[type=origins:enderian_pearl,distance=..5,limit=1] ~15 ~15 ~17 ~ 90",
                        "permission_level": 4
                    }
                },
                {
                    "type": "origins:delay",
                    "ticks": 15,
                    "action": {
                        "type": "origins:execute_command",
                        "command": "tp @e[type=origins:enderian_pearl,distance=..5,limit=1] ~10 ~27 ~2 ~ 90",
                        "permission_level": 4
                    }
                },
                {
                    "type": "origins:delay",
                    "ticks": 20,
                    "action": {
                        "type": "origins:execute_command",
                        "command": "tp @e[type=origins:enderian_pearl,distance=..5,limit=1] ~2 ~22 ~7 ~ 90",
                        "permission_level": 4
                    }
                },
                {
                    "type": "origins:delay",
                    "ticks": 10,
                    "action": {
                        "type": "origins:execute_command",
                        "command": "tp @e[type=origins:enderian_pearl,distance=..5,limit=1] ~2 ~25 ~5 ~ 90",
                        "permission_level": 4
                    }
                },
                {
                    "type": "origins:delay",
                    "ticks": 7,
                    "action": {
                        "type": "origins:execute_command",
                        "command": "tp @e[type=origins:enderian_pearl,distance=..5,limit=1] ~5 ~21 ~3 ~ 90",
                        "permission_level": 4
                    }
                },
                {
                    "type": "origins:delay",
                    "ticks": 7,
                    "action": {
                        "type": "origins:execute_command",
                        "command": "tp @e[type=origins:enderian_pearl,distance=..5,limit=1] ~1 ~25 ~7 ~ 90",
                        "permission_level": 4
                    }
                }
            ]
        },
        "cooldown": 600,
        "key": {
          "key": "key.loadToolbarActivator",
          "continuous": false
        },
        "condition": {
            "type": "origins:and",
            "conditions": [
                {
                    "type": "origins:command",
                    "command": "execute if entity @e[tag=CappyCapture,distance=..5,tag=!Mario,type=minecraft:enderman]",
                    "comparison": "==",
                    "compare_to": 1
                }
            ]
        }
    },


    "small_fireball": {
        "type": "origins:fire_projectile",
        "cooldown": 10,
        "hud_render": {
            "bar_index": 7
        },
        "entity_type": "minecraft:small_fireball",
        "sound": "minecraft:entity.blaze.shoot",
        "speed": 1.5,
        "count": 3,
        "divergence": 1,
        "key": {
          "key": "key.saveToolbarActivator",
          "continuous": false
        },
        "condition": {
            "type": "origins:or",
            "conditions": [
                {
                    "type": "origins:command",
                    "command": "execute if entity @e[tag=CappyCapture,distance=..5,tag=!Mario,type=minecraft:blaze]",
                    "comparison": "==",
                    "compare_to": 1
                }
            ]
        }
    },
    "fireball": {
        "type": "origins:fire_projectile",
        "cooldown": 240,
        "hud_render": {
            "bar_index": 7
        },
        "entity_type": "minecraft:fireball",
        "sound": "minecraft:entity.ghast.warn",
        "speed": 0.7,
        "count": 1,
        "divergence": 1,
        "tag": "{Tags:[\"CappyFireball\"]}",
        "key": {
          "key": "key.saveToolbarActivator",
          "continuous": false
        },
        "condition": {
            "type": "origins:or",
            "conditions": [
                {
                    "type": "origins:command",
                    "command": "execute if entity @e[tag=CappyCapture,distance=..5,tag=!Mario,type=minecraft:ghast]",
                    "comparison": "==",
                    "compare_to": 1
                }
            ]
        }
    },
    "fireball2": {
        "type": "origins:active_self",
        "entity_action": {
            "type": "origins:and",
            "actions": [
                {
                    "type": "origins:delay",
                    "ticks": 5,
                    "action": {
                        "type": "origins:execute_command",
                        "command": "playsound minecraft:entity.ghast.shoot master @a[distance=..20]",
                        "permission_level": 4
                    }
                },
                {
                    "type": "origins:execute_command",
                    "command": "tp @e[tag=CappyFireball] ^ ^ ^5",
                    "permission_level": 4
                }
            ]
        },
        "key": {
          "key": "key.saveToolbarActivator",
          "continuous": false
        },
        "condition": {
            "type": "origins:and",
            "conditions": [
                {
                    "type": "origins:command",
                    "command": "execute if entity @e[tag=CappyCapture,distance=..5,tag=!Mario,type=minecraft:ghast]",
                    "comparison": "==",
                    "compare_to": 1
                },
                {
                    "type": "origins:resource",
                    "resource": "smo:other_powers_fireball",
                    "comparison": "==",
                    "compare_to": 0
                }
            ]
        }
    },


    "arrow": {
        "type": "origins:fire_projectile",
        "cooldown": 60,
        "hud_render": {
            "sprite_location": "origins:textures/gui/community/huang/resource_bar_01.png",
            "bar_index": 2
        },
        "entity_type": "minecraft:arrow",
        "sound": "minecraft:entity.skeleton.shoot",
        "speed": 2.5,
        "tag": "{pickup:0b}",
        "divergence": 1,
        "key": {
          "key": "key.saveToolbarActivator",
          "continuous": false
        },
        "condition": {
            "type": "origins:or",
            "conditions": [
                {
                    "type": "origins:command",
                    "command": "execute if entity @e[tag=CappyCapture,distance=..5,tag=!Mario,type=minecraft:skeleton]",
                    "comparison": "==",
                    "compare_to": 1
                }
            ]
        }
    },
    "slowness_arrow": {
        "type": "origins:fire_projectile",
        "cooldown": 60,
        "hud_render": {
            "sprite_location": "origins:textures/gui/community/huang/resource_bar_01.png",
            "bar_index": 2
        },
        "entity_type": "minecraft:arrow",
        "sound": "minecraft:entity.skeleton.shoot",
        "speed": 2.5,
        "divergence": 1,
        "tag": "{pickup:0b,CustomPotionEffects:[{Id:2,Duration:600,Amplifier:0}]}",
        "key": {
          "key": "key.saveToolbarActivator",
          "continuous": false
        },
        "condition": {
            "type": "origins:or",
            "conditions": [
                {
                    "type": "origins:command",
                    "command": "execute if entity @e[tag=CappyCapture,distance=..5,tag=!Mario,type=minecraft:stray]",
                    "comparison": "==",
                    "compare_to": 1
                }
            ]
        }
    },


    "dragon_ball": {
        "type": "origins:fire_projectile",
        "cooldown": 60,
        "hud_render": {
            "sprite_location": "origins:textures/gui/community/spiderkolo/resource_bar_03.png",
            "bar_index": 7
        },
        "entity_type": "minecraft:dragon_fireball",
        "sound": "minecraft:entity.ender_dragon.shoot",
        "speed": 1,
        "divergence": 1,
        "tag": "{Tags:[\"CappyDragonBall\"]}",
        "key": {
          "key": "key.saveToolbarActivator",
          "continuous": false
        },
        "condition": {
            "type": "origins:or",
            "conditions": [
                {
                    "type": "origins:command",
                    "command": "execute if entity @e[tag=CappyCapture,distance=..5,tag=!Mario,type=minecraft:ender_dragon]",
                    "comparison": "==",
                    "compare_to": 1
                }
            ]
        }
    },
    "dragon_fireball2": {
        "type": "origins:active_self",
        "entity_action": {
            "type": "origins:and",
            "actions": [
                {
                    "type": "origins:delay",
                    "ticks": 25,
                    "action": {
                        "type": "origins:execute_command",
                        "command": "playsound minecraft:entity.ender_dragon.growl master @a[distance=..20]",
                        "permission_level": 4
                    }
                },
                {
                    "type": "origins:execute_command",
                    "command": "tp @e[tag=CappyDragonBall] ^ ^ ^15",
                    "permission_level": 4
                }
            ]
        },
        "key": {
          "key": "key.saveToolbarActivator",
          "continuous": false
        },
        "condition": {
            "type": "origins:and",
            "conditions": [
                {
                    "type": "origins:command",
                    "command": "execute if entity @e[tag=CappyCapture,distance=..5,tag=!Mario,type=minecraft:ender_dragon]",
                    "comparison": "==",
                    "compare_to": 1
                },
                {
                    "type": "origins:resource",
                    "resource": "smo:other_powers_dragon_ball",
                    "comparison": "==",
                    "compare_to": 0
                }
            ]
        }
    },


    "wither_skull": {
        "type": "origins:fire_projectile",
        "cooldown": 60,
        "hud_render": {
            "sprite_location": "origins:textures/gui/community/huang/resource_bar_02.png",
            "bar_index": 14
        },
        "entity_type": "minecraft:wither_skull",
        "sound": "minecraft:entity.wither.shoot",
        "speed": 1,
        "divergence": 1,
        "key": {
          "key": "key.saveToolbarActivator",
          "continuous": false
        },
        "condition": {
            "type": "origins:or",
            "conditions": [
                {
                    "type": "origins:command",
                    "command": "execute if entity @e[tag=CappyCapture,distance=..5,tag=!Mario,type=minecraft:wither]",
                    "comparison": "==",
                    "compare_to": 1
                }
            ]
        }
    },
    "witch": {
        "type": "origins:fire_projectile",
        "cooldown": 90,
        "hud_render": {
            "sprite_location": "origins:textures/gui/community/huang/resource_bar_01.png",
            "bar_index": 23
        },
        "entity_type": "minecraft:potion",
        "tag": "{Item:{id:\"minecraft:splash_potion\",Count:1b,tag:{CustomPotionEffects:[{Id:7b,Amplifier:1b,Duration:1}]}}}",
        "sound": "minecraft:entity.witch.throw",
        "speed": 1,
        "divergence": 1,
        "key": {
          "key": "key.saveToolbarActivator",
          "continuous": false
        },
        "condition": {
            "type": "origins:or",
            "conditions": [
                {
                    "type": "origins:command",
                    "command": "execute if entity @e[tag=CappyCapture,distance=..5,tag=!Mario,type=minecraft:witch]",
                    "comparison": "==",
                    "compare_to": 1
                }
            ]
        }
    },


    "dolphin": {
        "type": "origins:active_self",
        "entity_action": {
            "type": "origins:and",
            "actions": [
                {
                    "type": "origins:add_velocity",
                    "z": 1,
                    "space": "local"
                },
                {
                    "type": "origins:add_velocity",
                    "y": 1
                },
                {
                    "type": "origins:execute_command",
                    "command": "playsound minecraft:entity.dolphin.splash master @a[distance=..15]",
                    "permission_level": 4
                }
            ]
        },
        "cooldown": 140,
        "hud_render": {
            "sprite_location": "origins:textures/gui/community/huang/resource_bar_01.png",
            "bar_index": 10
        },
        "key": {
          "key": "key.saveToolbarActivator",
          "continuous": false
        },
        "condition": {
            "type": "origins:and",
            "conditions": [
                {
                    "type": "origins:command",
                    "command": "execute if entity @e[tag=CappyCapture,distance=..5,tag=!Mario,type=minecraft:dolphin]",
                    "comparison": "==",
                    "compare_to": 1
                },
                {
                    "type": "origins:submerged_in",
                    "fluid": "minecraft:water"
                }
            ]
        }
    },

    "squid": {
        "type": "origins:active_self",
        "entity_action": {
            "type": "origins:and",
            "actions": [
                {
                    "type": "origins:add_velocity",
                    "z": 1,
                    "space": "local"
                },
                {
                    "type": "origins:execute_command",
                    "command": "playsound minecraft:entity.squid.ink master @a[distance=..15]",
                    "permission_level": 4
                },
                {
                    "type": "origins:execute_command",
                    "command": "particle minecraft:squid_ink ^ ^ ^-1 0.1 0.1 0.1 0.1 50 normal",
                    "permission_level": 4
                }
            ]
        },
        "cooldown": 140,
        "hud_render": {
            "sprite_location": "origins:textures/gui/community/spiderkolo/resource_bar_01.png",
            "bar_index": 24
        },
        "key": {
          "key": "key.saveToolbarActivator",
          "continuous": false
        },
        "condition": {
            "type": "origins:and",
            "conditions": [
                {
                    "type": "origins:or",
                    "conditions": [
                        {
                            "type": "origins:command",
                            "command": "execute if entity @e[tag=CappyCapture,distance=..5,tag=!Mario,type=minecraft:squid]",
                            "comparison": "==",
                            "compare_to": 1
                        },
                        {
                            "type": "origins:command",
                            "command": "execute if entity @e[tag=CappyCapture,distance=..5,tag=!Mario,type=minecraft:glow_squid]",
                            "comparison": "==",
                            "compare_to": 1
                        }
                    ]
                },
                {
                    "type": "origins:submerged_in",
                    "fluid": "minecraft:water"
                }
            ]
        }
    },

    "fox": {
        "type": "origins:active_self",
        "entity_action": {
            "type": "origins:and",
            "actions": [
                {
                    "type": "origins:add_velocity",
                    "z": 0.5,
                    "space": "local"
                },
                {
                    "type": "origins:add_velocity",
                    "y": 0.7
                },
                {
                    "type": "origins:execute_command",
                    "command": "playsound minecraft:entity.fox.screech master @a[distance=..15]",
                    "permission_level": 4
                },
                {
                    "type": "origins:delay",
                    "ticks": 20,
                    "action": {
                        "type": "origins:execute_command",
                        "command": "playsound minecraft:entity.fox.bite master @a[distance=..15]",
                        "permission_level": 4
                    }
                }
            ]
        },
        "cooldown": 140,
        "hud_render": {
            "sprite_location": "origins:textures/gui/community/huang/resource_bar_01.png",
            "bar_index": 1
        },
        "key": {
          "key": "key.saveToolbarActivator",
          "continuous": false
        },
        "condition": {
            "type": "origins:and",
            "conditions": [
                {
                    "type": "origins:command",
                    "command": "execute if entity @e[tag=CappyCapture,distance=..5,tag=!Mario,type=minecraft:fox]",
                    "comparison": "==",
                    "compare_to": 1
                }
            ]
        }
    },

    "invisibility": {
        "type": "origins:active_self",
        "entity_action": {
            "type": "origins:and",
            "actions": [
                {
                    "type": "origins:execute_command",
                    "command": "execute as @e[tag=CappyCapture,distance=..10,sort=nearest,limit=1] run effect give @s minecraft:invisibility 7 1 false",
                    "permission_level": 4
                },
                {
                    "type": "origins:delay",
                    "ticks": 20,
                    "action": {
                        "type": "origins:execute_command",
                        "command": "execute as @e[tag=CappyCapture,distance=..10,sort=nearest,limit=1] run effect give @s minecraft:invisibility 7 1 false",
                        "permission_level": 4
                    }
                }
            ]
        },
        "cooldown": 400,
        "hud_render": {
            "sprite_location": "origins:textures/gui/community/huang/resource_bar_01.png",
            "bar_index": 5
        },
        "key": {
          "key": "key.loadToolbarActivator",
          "continuous": false
        },
        "condition": {
            "type": "origins:and",
            "conditions": [
                {
                    "type": "origins:command",
                    "command": "execute if entity @e[tag=CappyCapture,distance=..5,tag=!Mario,type=minecraft:illusioner]",
                    "comparison": "==",
                    "compare_to": 1
                }
            ]
        }
    },
      
    "magma_cube": {
        "type": "origins:active_self",
        "entity_action": {
            "type": "origins:and",
            "actions": [
                {
                    "type": "origins:add_velocity",
                    "y": 1.1
                },
                {
                    "type": "origins:execute_command",
                    "command": "playsound minecraft:entity.magma_cube.jump master @a[distance=..15]",
                    "permission_level": 4
                },
                {
                    "type": "origins:delay",
                    "ticks": 25,
                    "action": {
                        "type": "origins:execute_command",
                        "command": "playsound minecraft:entity.magma_cube.squish master @a[distance=..15]",
                        "permission_level": 4
                    }
                }
            ]
        },
        "cooldown": 60,
        "hud_render": {
            "sprite_location": "origins:textures/gui/community/huang/resource_bar_02.png",
            "bar_index": 15
        },
        "key": {
          "key": "key.saveToolbarActivator",
          "continuous": false
        },
        "condition": {
            "type": "origins:and",
            "conditions": [
                {
                    "type": "origins:command",
                    "command": "execute if entity @e[tag=CappyCapture,distance=..5,tag=!Mario,type=minecraft:magma_cube]",
                    "comparison": "==",
                    "compare_to": 1
                },
                {
                    "type": "origins:submerged_in",
                    "fluid": "minecraft:lava",
                    "inverted": true
                }
            ]
        }
    },


    "evoker": {
        "type": "origins:active_self",
        "entity_action": {
            "type": "origins:and",
            "actions": [
                {
                    "type": "origins:delay",
                    "ticks": 20,
                    "action": {
                        "type": "origins:execute_command",
                        "command": "summon minecraft:evoker_fangs ^ ^ ^1",
                        "permission_level": 4
                    }
                },
                {
                    "type": "origins:delay",
                    "ticks": 20,
                    "action": {
                        "type": "origins:execute_command",
                        "command": "summon minecraft:evoker_fangs ^ ^ ^2",
                        "permission_level": 4
                    }
                },
                {
                    "type": "origins:delay",
                    "ticks": 20,
                    "action": {
                        "type": "origins:execute_command",
                        "command": "summon minecraft:evoker_fangs ^ ^ ^3",
                        "permission_level": 4
                    }
                },
                {
                    "type": "origins:delay",
                    "ticks": 20,
                    "action": {
                        "type": "origins:execute_command",
                        "command": "summon minecraft:evoker_fangs ^ ^ ^4",
                        "permission_level": 4
                    }
                },
                {
                    "type": "origins:delay",
                    "ticks": 20,
                    "action": {
                        "type": "origins:execute_command",
                        "command": "summon minecraft:evoker_fangs ^ ^ ^5",
                        "permission_level": 4
                    }
                },
                {
                    "type": "origins:execute_command",
                    "command": "playsound minecraft:entity.evoker.prepare_summon master @a[distance=..20]",
                    "permission_level": 4
                },
                {
                    "type": "origins:delay",
                    "ticks": 20,
                    "action": {
                        "type": "origins:execute_command",
                        "command": "playsound minecraft:entity.evoker.cast_spell master @a[distance=..20]",
                        "permission_level": 4
                    }
                }
            ]
        },
        "cooldown": 60,
        "hud_render": {
            "sprite_location": "origins:textures/gui/community/huang/resource_bar_01.png",
            "bar_index": 6
        },
        "key": {
          "key": "key.saveToolbarActivator",
          "continuous": false
        },
        "condition": {
            "type": "origins:and",
            "conditions": [
                {
                    "type": "origins:command",
                    "command": "execute if entity @e[tag=CappyCapture,distance=..5,tag=!Mario,type=minecraft:evoker]",
                    "comparison": "==",
                    "compare_to": 1
                }
            ]
        }
    },
    "vex": {
        "type": "origins:phasing",
        "blacklist": true,
        "render_type": "blindness",
        "view_distance": 10,
        "block_condition": {
            "type": "origins:in_tag",
            "tag": "origins:unphasable"
        },
        "phase_down_condition": {
            "type": "origins:and",
            "conditions": [
                {
                    "type": "origins:constant",
                    "value": false
                }
            ]
        },
        "condition": {
            "type": "origins:and",
            "conditions": [
                {
                    "type": "origins:command",
                    "command": "execute if entity @e[tag=CappyCapture,distance=..5,tag=!Mario,type=minecraft:vex]",
                    "comparison": "==",
                    "compare_to": 1
                }
            ]
        }
    },
    

    "husk_hunger": {
        "type": "origins:target_action_on_hit",
        "entity_action": {
            "type": "origins:apply_effect",
            "effect": {
                "effect": "minecraft:hunger",
                "amplifier": 0,
                "duration": 150
            }
        },
        "cooldown": 40,
        "hud_render": {
            "bar_index": 8
        },
        "condition": {
            "type": "origins:or",
            "conditions": [
                {
                    "type": "origins:command",
                    "command": "execute if entity @e[tag=CappyCapture,distance=..5,tag=!Mario,type=minecraft:husk]",
                    "comparison": "==",
                    "compare_to": 1
                }
            ]
        }
    },
    "bee_poison": {
        "type": "origins:target_action_on_hit",
        "entity_action": {
            "type": "origins:and",
            "actions": [
                {
                    "type": "origins:apply_effect",
                    "effect": {
                        "effect": "minecraft:poison",
                        "amplifier": 0,
                        "duration": 200
                    }
                },
                {
                    "type": "origins:execute_command",
                    "command": "execute at @p[tag=Mario] run tag @e[type=bee,limit=1,sort=nearest,distance=..10] add YouAreAboutToKillThisBeeSoWhyAreYouCheckingItsTags",
                    "permission_level": 4
                },
                {
                    "type": "origins:delay",
                    "ticks": 1,
                    "action": {
                        "type": "origins:execute_command",
                        "command": "data modify entity @e[tag=YouAreAboutToKillThisBeeSoWhyAreYouCheckingItsTags,limit=1,sort=nearest] HasStung set value 1",
                        "permission_level": 4
                    }
                },
                {
                    "type": "origins:delay",
                    "ticks": 400,
                    "action": {
                        "type": "origins:execute_command",
                        "command": "kill @e[tag=YouAreAboutToKillThisBeeSoWhyAreYouCheckingItsTags]",
                        "permission_level": 4
                    }
                }
            ]
        },
        "cooldown": 400,
        "hud_render": {
            "bar_index": 8
        },
        "condition": {
            "type": "origins:or",
            "conditions": [
                {
                    "type": "origins:command",
                    "command": "execute if entity @e[tag=CappyCapture,distance=..5,tag=!Mario,type=minecraft:bee]",
                    "comparison": "==",
                    "compare_to": 1
                }
            ]
        }
    },
    "cave_spider_poison": {
        "type": "origins:target_action_on_hit",
        "entity_action": {
            "type": "origins:and",
            "actions": [
                {
                    "type": "origins:apply_effect",
                    "effect": {
                        "effect": "minecraft:poison",
                        "amplifier": 0,
                        "duration": 140
                    }
                }
            ]
        },
        "cooldown": 400,
        "hud_render": {
            "bar_index": 8
        },
        "condition": {
            "type": "origins:or",
            "conditions": [
                {
                    "type": "origins:command",
                    "command": "execute if entity @e[tag=CappyCapture,distance=..5,tag=!Mario,type=minecraft:cave_spider]",
                    "comparison": "==",
                    "compare_to": 1
                },
                {
                    "type": "origins:command",
                    "command": "execute if entity @e[tag=CappyCapture,distance=..5,tag=!Mario,type=minecraft:pufferfish]",
                    "comparison": "==",
                    "compare_to": 1
                }
            ]
        }
    },
    "wither_skele_wither": {
        "type": "origins:target_action_on_hit",
        "entity_action": {
            "type": "origins:and",
            "actions": [
                {
                    "type": "origins:apply_effect",
                    "effect": {
                        "effect": "minecraft:wither",
                        "amplifier": 0,
                        "duration": 200
                    }
                }
            ]
        },
        "cooldown": 400,
        "hud_render": {
            "sprite_location": "origins:textures/gui/community/huang/resource_bar_01.png",
            "bar_index": 15
        },
        "condition": {
            "type": "origins:or",
            "conditions": [
                {
                    "type": "origins:command",
                    "command": "execute if entity @e[tag=CappyCapture,distance=..5,tag=!Mario,type=minecraft:wither_skeleton]",
                    "comparison": "==",
                    "compare_to": 1
                }
            ]
        }
    },

    "chimkin": {
        "type": "origins:action_over_time",
        "interval": 1,
        "entity_action": {
            "type": "origins:and",
            "actions": [
                {
                    "type": "origins:execute_command",
                    "command": "effect give @s minecraft:slow_falling 1 0 true",
                    "permission_level": 4
                }
            ]
        },
        "condition": {
            "type": "origins:and",
            "conditions": [
                {
                    "type": "origins:command",
                    "command": "execute if entity @e[tag=CappyCapture,distance=..5,tag=!Mario,type=minecraft:chicken]",
                    "comparison": "==",
                    "compare_to": 1
                }
            ]
        }
    },
    "cat": {
        "type": "origins:action_over_time",
        "interval": 1,
        "entity_action": {
            "type": "origins:and",
            "actions": [
                {
                    "type": "origins:execute_command",
                    "command": "effect give @s minecraft:speed 1 1 true",
                    "permission_level": 4
                }
            ]
        },
        "condition": {
            "type": "origins:and",
            "conditions": [
                {
                    "type": "origins:command",
                    "command": "execute if entity @e[tag=CappyCapture,distance=..5,tag=!Mario,type=minecraft:cat]",
                    "comparison": "==",
                    "compare_to": 1
                }
            ]
        }
    },
    "horse": {
        "type": "origins:action_over_time",
        "interval": 1,
        "entity_action": {
            "type": "origins:and",
            "actions": [
                {
                    "type": "origins:execute_command",
                    "command": "effect give @s minecraft:speed 1 2 true",
                    "permission_level": 4
                }
            ]
        },
        "condition": {
            "type": "origins:and",
            "conditions": [
                {
                    "type": "origins:command",
                    "command": "execute if entity @e[tag=CappyCapture,distance=..5,tag=!Mario,type=minecraft:horse]",
                    "comparison": "==",
                    "compare_to": 1
                }
            ]
        }
    },
    "rabbit": {
        "type": "origins:action_over_time",
        "interval": 1,
        "entity_action": {
            "type": "origins:and",
            "actions": [
                {
                    "type": "origins:execute_command",
                    "command": "effect give @s minecraft:speed 1 1 true",
                    "permission_level": 4
                },
                {
                    "type": "origins:execute_command",
                    "command": "effect give @s minecraft:jump_boost 1 2 true",
                    "permission_level": 4
                }
            ]
        },
        "condition": {
            "type": "origins:and",
            "conditions": [
                {
                    "type": "origins:command",
                    "command": "execute if entity @e[tag=CappyCapture,distance=..5,tag=!Mario,type=minecraft:rabbit]",
                    "comparison": "==",
                    "compare_to": 1
                }
            ]
        }
    },

    "strength": {
        "type": "origins:action_over_time",
        "interval": 1,
        "entity_action": {
            "type": "origins:and",
            "actions": [
                {
                    "type": "origins:execute_command",
                    "command": "effect give @s minecraft:strength 1 2 true",
                    "permission_level": 4
                }
            ]
        },
        "condition": {
            "type": "origins:and",
            "conditions": [
                {
                    "type": "origins:command",
                    "command": "execute if entity @e[tag=CappyCapture,distance=..5,tag=!Mario,type=minecraft:ravager]",
                    "comparison": "==",
                    "compare_to": 1
                },
                {
                    "type": "origins:command",
                    "command": "execute if entity @e[tag=CappyCapture,distance=..5,tag=!Mario,type=minecraft:iron_golem]",
                    "comparison": "==",
                    "compare_to": 1
                }
            ]
        }
    },

    "slow": {
        "type": "origins:action_over_time",
        "interval": 1,
        "entity_action": {
            "type": "origins:and",
            "actions": [
                {
                    "type": "origins:execute_command",
                    "command": "effect give @s minecraft:slowness 1 1 true",
                    "permission_level": 4
                }
            ]
        },
        "condition": {
            "type": "origins:and",
            "conditions": [
                {
                    "type": "origins:command",
                    "command": "execute if entity @e[tag=CappyCapture,distance=..5,tag=!Mario,type=minecraft:iron_golem]",
                    "comparison": "==",
                    "compare_to": 1
                }
            ]
        }
    },
    

    "spit": {
        "type": "origins:fire_projectile",
        "cooldown": 30,
        "hud_render": {
            "sprite_location": "origins:textures/gui/community/spiderkolo/resource_bar_01.png",
            "bar_index": 9
        },
        "entity_type": "minecraft:llama_spit",
        "sound": "minecraft:entity.llama.spit",
        "speed": 2.3,
        "tag": "{pickup:0b}",
        "divergence": 1,
        "key": {
          "key": "key.saveToolbarActivator",
          "continuous": false
        },
        "condition": {
            "type": "origins:or",
            "conditions": [
                {
                    "type": "origins:command",
                    "command": "execute if entity @e[tag=CappyCapture,distance=..5,tag=!Mario,type=minecraft:llama]",
                    "comparison": "==",
                    "compare_to": 1
                },
                {
                    "type": "origins:command",
                    "command": "execute if entity @e[tag=CappyCapture,distance=..5,tag=!Mario,type=minecraft:trader_llama]",
                    "comparison": "==",
                    "compare_to": 1
                }
            ]
        }
    },


    "wolf": {
        "type": "origins:action_over_time",
        "interval": 1,
        "condition": {
            "type": "origins:and",
            "conditions": [
                {
                    "type": "origins:sneaking"
                },
                {
                    "type": "origins:command",
                    "command": "execute if entity @e[tag=CappyCapture,distance=..5,tag=!Mario,type=minecraft:wolf]",
                    "comparison": "==",
                    "compare_to": 1
                }
            ]
        },
        "rising_action": {
            "type": "origins:execute_command",
            "command": "data modify entity @e[type=wolf,tag=CappyCapture,distance=..3,limit=1,sort=nearest] Sitting set value 1",
            "permission_level": 4
        },
        "falling_action": {
            "type": "origins:execute_command",
            "command": "data modify entity @e[type=wolf,tag=CappyCapture,distance=..3,limit=1,sort=nearest] Sitting set value 0",
            "permission_level": 4
        }
    },
    

    "echo_warden": {
        "condition": {
            "type": "origins:or",
            "conditions": [
                {
                    "type": "origins:command",
                    "command": "execute if entity @e[tag=CappyCapture,distance=..5,tag=!Mario,type=minecraft:warden]",
                    "comparison": "==",
                    "compare_to": 1
                }
            ]
        },
        "type": "origins:entity_glow",
        "bientity_condition": {
            "type": "origins:can_see"
        },
        "use_teams": false,
        "red": 0.0,
        "green": 0.1,
        "blue": 0.3
    },

    "echo_bat": {
        "condition": {
            "type": "origins:or",
            "conditions": [
                {
                    "type": "origins:command",
                    "command": "execute if entity @e[tag=CappyCapture,distance=..5,tag=!Mario,type=minecraft:bat]",
                    "comparison": "==",
                    "compare_to": 1
                }
            ]
        },
        "type": "origins:entity_glow",
        "bientity_condition": {
            "type": "origins:can_see"
        },
        "use_teams": false,
        "red": 0.0,
        "green": 0.0,
        "blue": 0.0
    },
    "hidden": true
}