{
    "type": "origins:prevent_entity_render",
    "hidden": true,
    "condition": {
        "type": "origins:and",
        "conditions": [
            {
                "type": "origins:resource",
                "resource": "smo:capture_resource",
                "comparison": "==",
                "compare_to": 10
            },
            {
                "type": "origins:moving",
                "inverted": true
            },
            {
                "type": "origins:creative_flying",
                "inverted": true
            },
            {
                "type": "origins:sneaking",
                "inverted": true
            }
        ]
    },
    "entity_condition": {
        "type": "origins:and",
        "conditions": [
            {
                "type": "origins:living"
            },
            {
                "type": "origins:power",
                "power": "smo:suffocation_fix"
            }
        ]
    }
}