{
    "type": "origins:active_self",
    "entity_action": {
        "type": "origins:and",
        "actions": [
            {
                "type": "origins:execute_command",
                "command": "kill @e[tag=Cappy, limit=1, sort=nearest]",
                "permission_level": 4
            },
            {
                "type": "origins:delay",
                "ticks": 3,
                "action": {
                    "type": "origins:execute_command",
                    "command": "resource set @s smo:cappy_resource 20",
                    "permission_level": 4
                }
            },
            {
                "type": "origins:delay",
                "ticks": 1,
                "action": {
                    "type": "origins:execute_command",
                    "command": "execute if block ^ ^1.5 ^2.5 #smo:non_solid run summon minecraft:armor_stand ^ ^0.5 ^2.5 {NoGravity:1,Invisible:1,Invulnerable:1,Marker:1,Tags:[\"Cappy\"]}",
                    "permission_level": 4
                }
            },
            {
                "type": "origins:delay",
                "ticks": 2,
                "action": {
                    "type": "origins:if_else_list",
                    "actions": [
                        {
                            "condition": {
                                "type": "origins:resource",
                                "resource": "smo:color_resource",
                                "comparison": "==",
                                "compare_to": 1
                            },
                            "action": {
                                "type": "origins:and",
                                "actions": [
                                    {
                                        "type": "origins:execute_command",
                                        "command": "item replace entity @e[type=minecraft:armor_stand,tag=Cappy,distance=..20] armor.head with minecraft:leather_helmet{display:{color:0},Enchantments:[{id:binding_curse,lvl:1},{id:vanishing_curse,lvl:1}],HideFlags:1}",
                                        "permission_level": 4
                                    }
                                ]
                            }
                        },
                        {
                            "condition": {
                                "type": "origins:resource",
                                "resource": "smo:color_resource",
                                "comparison": "==",
                                "compare_to": 2
                            },
                            "action": {
                                "type": "origins:and",
                                "actions": [
                                    {
                                        "type": "origins:execute_command",
                                        "command": "item replace entity @e[type=minecraft:armor_stand,tag=Cappy,distance=..20] armor.head with minecraft:leather_helmet{display:{color:16711680},Enchantments:[{id:binding_curse,lvl:1},{id:vanishing_curse,lvl:1}],HideFlags:1}",
                                        "permission_level": 4
                                    }
                                ]
                            }
                        },
                        {
                            "condition": {
                                "type": "origins:resource",
                                "resource": "smo:color_resource",
                                "comparison": "==",
                                "compare_to": 3
                            },
                            "action": {
                                "type": "origins:and",
                                "actions": [
                                    {
                                        "type": "origins:execute_command",
                                        "command": "item replace entity @e[type=minecraft:armor_stand,tag=Cappy,distance=..20] armor.head with minecraft:leather_helmet{display:{color:35840},Enchantments:[{id:binding_curse,lvl:1},{id:vanishing_curse,lvl:1}],HideFlags:1}",
                                        "permission_level": 4
                                    }
                                ]
                            }
                        },
                        {
                            "condition": {
                                "type": "origins:resource",
                                "resource": "smo:color_resource",
                                "comparison": "==",
                                "compare_to": 4
                            },
                            "action": {
                                "type": "origins:and",
                                "actions": [
                                    {
                                        "type": "origins:execute_command",
                                        "command": "item replace entity @e[type=minecraft:armor_stand,tag=Cappy,distance=..20] armor.head with minecraft:leather_helmet{display:{color:10119244},Enchantments:[{id:binding_curse,lvl:1},{id:vanishing_curse,lvl:1}],HideFlags:1}",
                                        "permission_level": 4
                                    }
                                ]
                            }
                        },
                        {
                            "condition": {
                                "type": "origins:resource",
                                "resource": "smo:color_resource",
                                "comparison": "==",
                                "compare_to": 5
                            },
                            "action": {
                                "type": "origins:and",
                                "actions": [
                                    {
                                        "type": "origins:execute_command",
                                        "command": "item replace entity @e[type=minecraft:armor_stand,tag=Cappy,distance=..20] armor.head with minecraft:leather_helmet{display:{color:255},Enchantments:[{id:binding_curse,lvl:1},{id:vanishing_curse,lvl:1}],HideFlags:1}",
                                        "permission_level": 4
                                    }
                                ]
                            }
                        },
                        {
                            "condition": {
                                "type": "origins:resource",
                                "resource": "smo:color_resource",
                                "comparison": "==",
                                "compare_to": 6
                            },
                            "action": {
                                "type": "origins:and",
                                "actions": [
                                    {
                                        "type": "origins:execute_command",
                                        "command": "item replace entity @e[type=minecraft:armor_stand,tag=Cappy,distance=..20] armor.head with minecraft:leather_helmet{display:{color:8388863},Enchantments:[{id:binding_curse,lvl:1},{id:vanishing_curse,lvl:1}],HideFlags:1}",
                                        "permission_level": 4
                                    }
                                ]
                            }
                        },
                        {
                            "condition": {
                                "type": "origins:resource",
                                "resource": "smo:color_resource",
                                "comparison": "==",
                                "compare_to": 7
                            },
                            "action": {
                                "type": "origins:and",
                                "actions": [
                                    {
                                        "type": "origins:execute_command",
                                        "command": "item replace entity @e[type=minecraft:armor_stand,tag=Cappy,distance=..20] armor.head with minecraft:leather_helmet{display:{color:51129},Enchantments:[{id:binding_curse,lvl:1},{id:vanishing_curse,lvl:1}],HideFlags:1}",
                                        "permission_level": 4
                                    }
                                ]
                            }
                        },
                        {
                            "condition": {
                                "type": "origins:resource",
                                "resource": "smo:color_resource",
                                "comparison": "==",
                                "compare_to": 8
                            },
                            "action": {
                                "type": "origins:and",
                                "actions": [
                                    {
                                        "type": "origins:execute_command",
                                        "command": "item replace entity @e[type=minecraft:armor_stand,tag=Cappy,distance=..20] armor.head with minecraft:leather_helmet{display:{color:13157315},Enchantments:[{id:binding_curse,lvl:1},{id:vanishing_curse,lvl:1}],HideFlags:1}",
                                        "permission_level": 4
                                    }
                                ]
                            }
                        },
                        {
                            "condition": {
                                "type": "origins:resource",
                                "resource": "smo:color_resource",
                                "comparison": "==",
                                "compare_to": 9
                            },
                            "action": {
                                "type": "origins:and",
                                "actions": [
                                    {
                                        "type": "origins:execute_command",
                                        "command": "item replace entity @e[type=minecraft:armor_stand,tag=Cappy,distance=..20] armor.head with minecraft:leather_helmet{display:{color:7500402},Enchantments:[{id:binding_curse,lvl:1},{id:vanishing_curse,lvl:1}],HideFlags:1}",
                                        "permission_level": 4
                                    }
                                ]
                            }
                        },
                        {
                            "condition": {
                                "type": "origins:resource",
                                "resource": "smo:color_resource",
                                "comparison": "==",
                                "compare_to": 10
                            },
                            "action": {
                                "type": "origins:and",
                                "actions": [
                                    {
                                        "type": "origins:execute_command",
                                        "command": "item replace entity @e[type=minecraft:armor_stand,tag=Cappy,distance=..20] armor.head with minecraft:leather_helmet{display:{color:16756735},Enchantments:[{id:binding_curse,lvl:1},{id:vanishing_curse,lvl:1}],HideFlags:1}",
                                        "permission_level": 4
                                    }
                                ]
                            }
                        },
                        {
                            "condition": {
                                "type": "origins:resource",
                                "resource": "smo:color_resource",
                                "comparison": "==",
                                "compare_to": 11
                            },
                            "action": {
                                "type": "origins:and",
                                "actions": [
                                    {
                                        "type": "origins:execute_command",
                                        "command": "item replace entity @e[type=minecraft:armor_stand,tag=Cappy,distance=..20] armor.head with minecraft:leather_helmet{display:{color:3658007},Enchantments:[{id:binding_curse,lvl:1},{id:vanishing_curse,lvl:1}],HideFlags:1}",
                                        "permission_level": 4
                                    }
                                ]
                            }
                        },
                        {
                            "condition": {
                                "type": "origins:resource",
                                "resource": "smo:color_resource",
                                "comparison": "==",
                                "compare_to": 12
                            },
                            "action": {
                                "type": "origins:and",
                                "actions": [
                                    {
                                        "type": "origins:execute_command",
                                        "command": "item replace entity @e[type=minecraft:armor_stand,tag=Cappy,distance=..20] armor.head with minecraft:leather_helmet{display:{color:16776960},Enchantments:[{id:binding_curse,lvl:1},{id:vanishing_curse,lvl:1}],HideFlags:1}",
                                        "permission_level": 4
                                    }
                                ]
                            }
                        },
                        {
                            "condition": {
                                "type": "origins:resource",
                                "resource": "smo:color_resource",
                                "comparison": "==",
                                "compare_to": 13
                            },
                            "action": {
                                "type": "origins:and",
                                "actions": [
                                    {
                                        "type": "origins:execute_command",
                                        "command": "item replace entity @e[type=minecraft:armor_stand,tag=Cappy,distance=..20] armor.head with minecraft:leather_helmet{display:{color:8839679},Enchantments:[{id:binding_curse,lvl:1},{id:vanishing_curse,lvl:1}],HideFlags:1}",
                                        "permission_level": 4
                                    }
                                ]
                            }
                        },
                        {
                            "condition": {
                                "type": "origins:resource",
                                "resource": "smo:color_resource",
                                "comparison": "==",
                                "compare_to": 14
                            },
                            "action": {
                                "type": "origins:and",
                                "actions": [
                                    {
                                        "type": "origins:execute_command",
                                        "command": "item replace entity @e[type=minecraft:armor_stand,tag=Cappy,distance=..20] armor.head with minecraft:leather_helmet{display:{color:13041919},Enchantments:[{id:binding_curse,lvl:1},{id:vanishing_curse,lvl:1}],HideFlags:1}",
                                        "permission_level": 4
                                    }
                                ]
                            }
                        },
                        {
                            "condition": {
                                "type": "origins:resource",
                                "resource": "smo:color_resource",
                                "comparison": "==",
                                "compare_to": 15
                            },
                            "action": {
                                "type": "origins:and",
                                "actions": [
                                    {
                                        "type": "origins:execute_command",
                                        "command": "item replace entity @e[type=minecraft:armor_stand,tag=Cappy,distance=..20] armor.head with minecraft:leather_helmet{display:{color:16748544},Enchantments:[{id:binding_curse,lvl:1},{id:vanishing_curse,lvl:1}],HideFlags:1}",
                                        "permission_level": 4
                                    }
                                ]
                            }
                        },
                        {
                            "condition": {
                                "type": "origins:resource",
                                "resource": "smo:color_resource",
                                "comparison": "==",
                                "compare_to": 16
                            },
                            "action": {
                                "type": "origins:and",
                                "actions": [
                                    {
                                        "type": "origins:execute_command",
                                        "command": "item replace entity @e[type=minecraft:armor_stand,tag=Cappy,distance=..20] armor.head with minecraft:leather_helmet{display:{color:16777215},Enchantments:[{id:binding_curse,lvl:1},{id:vanishing_curse,lvl:1}],HideFlags:1}",
                                        "permission_level": 4
                                    }
                                ]
                            }
                        }
                    ]
                }
            },
            {
                "type": "origins:delay",
                "ticks": 2,
                "action": {
                    "type": "origins:execute_command",
                    "command": "execute as @e[type=armor_stand,tag=Cappy,distance=..30] at @s facing entity @p[tag=Mario] eyes run tp @s ~ ~ ~ ~180 ~20",
                    "permission_level": 4
                }
            },
            {
                "type": "origins:delay",
                "ticks": 3,
                "action": {
                    "type": "origins:and",
                    "actions": [
                        {
                            "type": "origins:execute_command",
                            "command": "execute as @e[type=armor_stand,tag=Cappy,distance=..30] at @s run tp @s ^ ^ ^1",
                            "permission_level": 4
                        },
                        {
                            "type": "origins:execute_command",
                            "command": "execute as @e[type=armor_stand,tag=Cappy,distance=..30] at @s run tp @s ~ ~ ~ ~-5 ~",
                            "permission_level": 4
                        }
                    ]
                }
            },
            {
                "type": "origins:delay",
                "ticks": 4,
                "action": {
                    "type": "origins:and",
                    "actions": [
                        {
                            "type": "origins:execute_command",
                            "command": "execute as @e[type=armor_stand,tag=Cappy,distance=..30] at @s run tp @s ^ ^ ^1",
                            "permission_level": 4
                        },
                        {
                            "type": "origins:execute_command",
                            "command": "execute as @e[type=armor_stand,tag=Cappy,distance=..30] at @s run tp @s ~ ~ ~ ~-5 ~",
                            "permission_level": 4
                        }
                    ]
                }
            },
            {
                "type": "origins:delay",
                "ticks": 5,
                "action": {
                    "type": "origins:and",
                    "actions": [
                        {
                            "type": "origins:execute_command",
                            "command": "execute as @e[type=armor_stand,tag=Cappy,distance=..30] at @s run tp @s ^ ^ ^1",
                            "permission_level": 4
                        },
                        {
                            "type": "origins:execute_command",
                            "command": "execute as @e[type=armor_stand,tag=Cappy,distance=..30] at @s run tp @s ~ ~ ~ ~-5 ~",
                            "permission_level": 4
                        }
                    ]
                }
            },
            {
                "type": "origins:delay",
                "ticks": 6,
                "action": {
                    "type": "origins:and",
                    "actions": [
                        {
                            "type": "origins:execute_command",
                            "command": "execute as @e[type=armor_stand,tag=Cappy,distance=..30] at @s run tp @s ^ ^ ^1",
                            "permission_level": 4
                        },
                        {
                            "type": "origins:execute_command",
                            "command": "execute as @e[type=armor_stand,tag=Cappy,distance=..30] at @s run tp @s ~ ~ ~ ~-5 ~",
                            "permission_level": 4
                        }
                    ]
                }
            },
            {
                "type": "origins:delay",
                "ticks": 7,
                "action": {
                    "type": "origins:and",
                    "actions": [
                        {
                            "type": "origins:execute_command",
                            "command": "execute as @e[type=armor_stand,tag=Cappy,distance=..30] at @s run tp @s ^ ^ ^1",
                            "permission_level": 4
                        },
                        {
                            "type": "origins:execute_command",
                            "command": "execute as @e[type=armor_stand,tag=Cappy,distance=..30] at @s run tp @s ~ ~ ~ ~-5 ~",
                            "permission_level": 4
                        }
                    ]
                }
            },
            {
                "type": "origins:delay",
                "ticks": 8,
                "action": {
                    "type": "origins:and",
                    "actions": [
                        {
                            "type": "origins:execute_command",
                            "command": "execute as @e[type=armor_stand,tag=Cappy,distance=..30] at @s run tp @s ^ ^ ^1",
                            "permission_level": 4
                        },
                        {
                            "type": "origins:execute_command",
                            "command": "execute as @e[type=armor_stand,tag=Cappy,distance=..30] at @s run tp @s ~ ~ ~ ~-5 ~",
                            "permission_level": 4
                        }
                    ]
                }
            },
            {
                "type": "origins:delay",
                "ticks": 9,
                "action": {
                    "type": "origins:and",
                    "actions": [
                        {
                            "type": "origins:execute_command",
                            "command": "execute as @e[type=armor_stand,tag=Cappy,distance=..30] at @s run tp @s ^ ^ ^1",
                            "permission_level": 4
                        },
                        {
                            "type": "origins:execute_command",
                            "command": "execute as @e[type=armor_stand,tag=Cappy,distance=..30] at @s run tp @s ~ ~ ~ ~-5 ~",
                            "permission_level": 4
                        }
                    ]
                }
            },
            {
                "type": "origins:delay",
                "ticks": 10,
                "action": {
                    "type": "origins:and",
                    "actions": [
                        {
                            "type": "origins:execute_command",
                            "command": "execute as @e[type=armor_stand,tag=Cappy,distance=..30] at @s run tp @s ^ ^ ^1",
                            "permission_level": 4
                        },
                        {
                            "type": "origins:execute_command",
                            "command": "execute as @e[type=armor_stand,tag=Cappy,distance=..30] at @s run tp @s ~ ~ ~ ~-5 ~",
                            "permission_level": 4
                        }
                    ]
                }
            },
            {
                "type": "origins:delay",
                "ticks": 11,
                "action": {
                    "type": "origins:and",
                    "actions": [
                        {
                            "type": "origins:execute_command",
                            "command": "execute as @e[type=armor_stand,tag=Cappy,distance=..30] at @s run tp @s ^ ^ ^1",
                            "permission_level": 4
                        },
                        {
                            "type": "origins:execute_command",
                            "command": "execute as @e[type=armor_stand,tag=Cappy,distance=..30] at @s run tp @s ~ ~ ~ ~-5 ~",
                            "permission_level": 4
                        }
                    ]
                }
            },
            {
                "type": "origins:delay",
                "ticks": 12,
                "action": {
                    "type": "origins:and",
                    "actions": [
                        {
                            "type": "origins:execute_command",
                            "command": "execute as @e[type=armor_stand,tag=Cappy,distance=..30] at @s run tp @s ^ ^ ^1",
                            "permission_level": 4
                        },
                        {
                            "type": "origins:execute_command",
                            "command": "execute as @e[type=armor_stand,tag=Cappy,distance=..30] at @s run tp @s ~ ~ ~ ~-5 ~",
                            "permission_level": 4
                        }
                    ]
                }
            },
            {
                "type": "origins:delay",
                "ticks": 13,
                "action": {
                    "type": "origins:and",
                    "actions": [
                        {
                            "type": "origins:execute_command",
                            "command": "execute as @e[type=armor_stand,tag=Cappy,distance=..30] at @s run tp @s ^ ^ ^1",
                            "permission_level": 4
                        },
                        {
                            "type": "origins:execute_command",
                            "command": "execute as @e[type=armor_stand,tag=Cappy,distance=..30] at @s run tp @s ~ ~ ~ ~-5 ~",
                            "permission_level": 4
                        }
                    ]
                }
            },
            {
                "type": "origins:delay",
                "ticks": 14,
                "action": {
                    "type": "origins:and",
                    "actions": [
                        {
                            "type": "origins:execute_command",
                            "command": "execute as @e[type=armor_stand,tag=Cappy,distance=..30] at @s run tp @s ^ ^ ^1",
                            "permission_level": 4
                        },
                        {
                            "type": "origins:execute_command",
                            "command": "execute as @e[type=armor_stand,tag=Cappy,distance=..30] at @s run tp @s ~ ~ ~ ~-5 ~",
                            "permission_level": 4
                        }
                    ]
                }
            },
            {
                "type": "origins:delay",
                "ticks": 15,
                "action": {
                    "type": "origins:and",
                    "actions": [
                        {
                            "type": "origins:execute_command",
                            "command": "execute as @e[type=armor_stand,tag=Cappy,distance=..30] at @s run tp @s ^ ^ ^1",
                            "permission_level": 4
                        },
                        {
                            "type": "origins:execute_command",
                            "command": "execute as @e[type=armor_stand,tag=Cappy,distance=..30] at @s run tp @s ~ ~ ~ ~-5 ~",
                            "permission_level": 4
                        }
                    ]
                }
            },
            {
                "type": "origins:delay",
                "ticks": 16,
                "action": {
                    "type": "origins:and",
                    "actions": [
                        {
                            "type": "origins:execute_command",
                            "command": "execute as @e[type=armor_stand,tag=Cappy,distance=..30] at @s run tp @s ^ ^ ^1",
                            "permission_level": 4
                        },
                        {
                            "type": "origins:execute_command",
                            "command": "execute as @e[type=armor_stand,tag=Cappy,distance=..30] at @s run tp @s ~ ~ ~ ~-5 ~",
                            "permission_level": 4
                        }
                    ]
                }
            },
            {
                "type": "origins:delay",
                "ticks": 17,
                "action": {
                    "type": "origins:and",
                    "actions": [
                        {
                            "type": "origins:execute_command",
                            "command": "execute as @e[type=armor_stand,tag=Cappy,distance=..30] at @s run tp @s ^ ^ ^1",
                            "permission_level": 4
                        },
                        {
                            "type": "origins:execute_command",
                            "command": "execute as @e[type=armor_stand,tag=Cappy,distance=..30] at @s run tp @s ~ ~ ~ ~-5 ~",
                            "permission_level": 4
                        }
                    ]
                }
            },
            {
                "type": "origins:delay",
                "ticks": 18,
                "action": {
                    "type": "origins:and",
                    "actions": [
                        {
                            "type": "origins:execute_command",
                            "command": "execute as @e[type=armor_stand,tag=Cappy,distance=..30] at @s run tp @s ^ ^ ^1",
                            "permission_level": 4
                        },
                        {
                            "type": "origins:execute_command",
                            "command": "execute as @e[type=armor_stand,tag=Cappy,distance=..30] at @s run tp @s ~ ~ ~ ~-5 ~",
                            "permission_level": 4
                        }
                    ]
                }
            },
            {
                "type": "origins:delay",
                "ticks": 19,
                "action": {
                    "type": "origins:and",
                    "actions": [
                        {
                            "type": "origins:execute_command",
                            "command": "execute as @e[type=armor_stand,tag=Cappy,distance=..30] at @s run tp @s ^ ^ ^1",
                            "permission_level": 4
                        },
                        {
                            "type": "origins:execute_command",
                            "command": "execute as @e[type=armor_stand,tag=Cappy,distance=..30] at @s run tp @s ~ ~ ~ ~-5 ~",
                            "permission_level": 4
                        }
                    ]
                }
            },
            {
                "type": "origins:delay",
                "ticks": 20,
                "action": {
                    "type": "origins:and",
                    "actions": [
                        {
                            "type": "origins:execute_command",
                            "command": "execute as @e[type=armor_stand,tag=Cappy,distance=..30] at @s run tp @s ^ ^ ^1",
                            "permission_level": 4
                        },
                        {
                            "type": "origins:execute_command",
                            "command": "execute as @e[type=armor_stand,tag=Cappy,distance=..30] at @s run tp @s ~ ~ ~ ~-5 ~",
                            "permission_level": 4
                        }
                    ]
                }
            }
        ]
    },
    "key": {
        "key": "key.origins.secondary_active"
    },
    "cooldown": 3,
    "condition": {
        "type": "origins:and",
        "conditions": [
            {
                "type": "origins:resource",
                "resource": "smo:cappy_resource",
                "comparison": "==",
                "compare_to": 0
            },
            {
                "type": "origins:sneaking",
                "inverted": true
            },
            {
                "type": "origins:resource",
                "resource": "smo:capture_resource",
                "comparison": "==",
                "compare_to": 0
            },
            {
                "type": "origins:resource",
                "resource": "smo:pylon_pylon_resource",
                "comparison": "==",
                "compare_to": 0
            },
            {
                "type": "origins:command",
                "command": "execute if entity @e[type=armor_stand,tag=Cappy]",
                "comparison": "==",
                "compare_to": 0
            },
            {
                "type": "origins:resource",
                "resource": "smo:capture_uncapture",
                "comparison": "==",
                "compare_to": 0
            },
            {
                "type": "origins:resource",
                "resource": "smo:capture_uncapture_upward_idk_what_to_call_this",
                "comparison": "==",
                "compare_to": 0
            }
        ]
    }
}