{
    "type": "origins:walk_on_fluid",
    "fluid": "minecraft:lava",
    "condition": {
        "type": "origins:and",
        "conditions": [
            {
                "type": "origins:command",
                "command": "execute if entity @e[tag=CappyCapture,distance=..5,tag=!Mario,type=minecraft:strider]",
                "comparison": "==",
                "compare_to": 1
            },
            {
                "type": "origins:fluid_height",
                "fluid": "minecraft:lava",
                "comparison": "<=",
                "compare_to": 0.4
            }
        ]
    },
    "hidden": true
}