{
    "type": "origins:multiple",
    "cod": {
        "type": "origins:action_over_time",
        "interval": 1,
        "entity_action": {
            "type": "origins:and",
            "actions": [
                {
                    "type": "origins:execute_command",
                    "command": "effect give @s minecraft:water_breathing 1 255 true",
                    "permission_level": 4
                },
                {
                    "type": "origins:execute_command",
                    "command": "effect give @s minecraft:dolphins_grace 1 0 true",
                    "permission_level": 4
                }
            ]
        },
        "condition": {
            "type": "origins:or",
            "conditions": [
                {
                    "type": "origins:command",
                    "command": "execute if entity @e[tag=CappyCapture,distance=..5,tag=!Mario,type=minecraft:cod]",
                    "comparison": "==",
                    "compare_to": 1
                },
                {
                    "type": "origins:command",
                    "command": "execute if entity @e[tag=CappyCapture,distance=..5,tag=!Mario,type=minecraft:axolotl]",
                    "comparison": "==",
                    "compare_to": 1
                }
            ]
        }
    },
    "salmon": {
        "type": "origins:action_over_time",
        "interval": 1,
        "entity_action": {
            "type": "origins:and",
            "actions": [
                {
                    "type": "origins:execute_command",
                    "command": "effect give @s minecraft:water_breathing 1 255 true",
                    "permission_level": 4
                },
                {
                    "type": "origins:execute_command",
                    "command": "effect give @s minecraft:dolphins_grace 1 0 true",
                    "permission_level": 4
                }
            ]
        },
        "condition": {
            "type": "origins:and",
            "conditions": [
                {
                    "type": "origins:command",
                    "command": "execute if entity @e[tag=CappyCapture,distance=..5,tag=!Mario,type=minecraft:salmon]",
                    "comparison": "==",
                    "compare_to": 1
                }
            ]
        }
    },
    "squid": {
        "type": "origins:action_over_time",
        "interval": 1,
        "entity_action": {
            "type": "origins:and",
            "actions": [
                {
                    "type": "origins:execute_command",
                    "command": "effect give @s minecraft:water_breathing 1 255 true",
                    "permission_level": 4
                },
                {
                    "type": "origins:execute_command",
                    "command": "effect give @s minecraft:dolphins_grace 1 0 true",
                    "permission_level": 4
                }
            ]
        },
        "condition": {
            "type": "origins:and",
            "conditions": [
                {
                    "type": "origins:command",
                    "command": "execute if entity @e[tag=CappyCapture,distance=..5,tag=!Mario,type=minecraft:squid]",
                    "comparison": "==",
                    "compare_to": 1
                }
            ]
        }
    },
    "tropical_fish": {
        "type": "origins:action_over_time",
        "interval": 1,
        "entity_action": {
            "type": "origins:and",
            "actions": [
                {
                    "type": "origins:execute_command",
                    "command": "effect give @s minecraft:water_breathing 1 255 true",
                    "permission_level": 4
                },
                {
                    "type": "origins:execute_command",
                    "command": "effect give @s minecraft:dolphins_grace 1 0 true",
                    "permission_level": 4
                }
            ]
        },
        "condition": {
            "type": "origins:and",
            "conditions": [
                {
                    "type": "origins:command",
                    "command": "execute if entity @e[tag=CappyCapture,distance=..5,tag=!Mario,type=minecraft:tropical_fish]",
                    "comparison": "==",
                    "compare_to": 1
                }
            ]
        }
    },
    "boat": {
        "type": "origins:action_over_time",
        "interval": 1,
        "entity_action": {
            "type": "origins:and",
            "actions": [
                {
                    "type": "origins:execute_command",
                    "command": "effect give @s minecraft:water_breathing 1 255 true",
                    "permission_level": 4
                },
                {
                    "type": "origins:execute_command",
                    "command": "effect give @s minecraft:dolphins_grace 1 0 true",
                    "permission_level": 4
                }
            ]
        },
        "condition": {
            "type": "origins:and",
            "conditions": [
                {
                    "type": "origins:command",
                    "command": "execute if entity @e[tag=CappyCapture,distance=..5,tag=!Mario,type=minecraft:boat]",
                    "comparison": "==",
                    "compare_to": 1
                }
            ]
        }
    },
    "dolphin": {
        "type": "origins:action_over_time",
        "interval": 1,
        "entity_action": {
            "type": "origins:and",
            "actions": [
                {
                    "type": "origins:execute_command",
                    "command": "effect give @s minecraft:water_breathing 1 255 true",
                    "permission_level": 4
                },
                {
                    "type": "origins:execute_command",
                    "command": "effect give @s minecraft:dolphins_grace 1 2 true",
                    "permission_level": 4
                }
            ]
        },
        "condition": {
            "type": "origins:and",
            "conditions": [
                {
                    "type": "origins:command",
                    "command": "execute if entity @e[tag=CappyCapture,distance=..5,tag=!Mario,type=minecraft:dolphin]",
                    "comparison": "==",
                    "compare_to": 1
                }
            ]
        }
    },
    "drowned": {
        "type": "origins:action_over_time",
        "interval": 1,
        "entity_action": {
            "type": "origins:and",
            "actions": [
                {
                    "type": "origins:execute_command",
                    "command": "effect give @s minecraft:water_breathing 1 255 true",
                    "permission_level": 4
                },
                {
                    "type": "origins:execute_command",
                    "command": "effect give @s minecraft:dolphins_grace 1 0 true",
                    "permission_level": 4
                }
            ]
        },
        "condition": {
            "type": "origins:and",
            "conditions": [
                {
                    "type": "origins:command",
                    "command": "execute if entity @e[tag=CappyCapture,distance=..5,tag=!Mario,type=minecraft:drowned]",
                    "comparison": "==",
                    "compare_to": 1
                }
            ]
        }
    },
    "elder_guardian": {
        "type": "origins:action_over_time",
        "interval": 1,
        "entity_action": {
            "type": "origins:and",
            "actions": [
                {
                    "type": "origins:execute_command",
                    "command": "effect give @s minecraft:water_breathing 1 255 true",
                    "permission_level": 4
                },
                {
                    "type": "origins:execute_command",
                    "command": "effect give @s minecraft:dolphins_grace 1 0 true",
                    "permission_level": 4
                }
            ]
        },
        "condition": {
            "type": "origins:and",
            "conditions": [
                {
                    "type": "origins:command",
                    "command": "execute if entity @e[tag=CappyCapture,distance=..5,tag=!Mario,type=minecraft:elder_guardian]",
                    "comparison": "==",
                    "compare_to": 1
                }
            ]
        }
    },
    "guardian": {
        "type": "origins:action_over_time",
        "interval": 1,
        "entity_action": {
            "type": "origins:and",
            "actions": [
                {
                    "type": "origins:execute_command",
                    "command": "effect give @s minecraft:water_breathing 1 255 true",
                    "permission_level": 4
                },
                {
                    "type": "origins:execute_command",
                    "command": "effect give @s minecraft:dolphins_grace 1 0 true",
                    "permission_level": 4
                }
            ]
        },
        "condition": {
            "type": "origins:and",
            "conditions": [
                {
                    "type": "origins:command",
                    "command": "execute if entity @e[tag=CappyCapture,distance=..5,tag=!Mario,type=minecraft:guardian]",
                    "comparison": "==",
                    "compare_to": 1
                }
            ]
        }
    },
    "glow_squid": {
        "type": "origins:action_over_time",
        "interval": 1,
        "entity_action": {
            "type": "origins:and",
            "actions": [
                {
                    "type": "origins:execute_command",
                    "command": "effect give @s minecraft:water_breathing 1 255 true",
                    "permission_level": 4
                },
                {
                    "type": "origins:execute_command",
                    "command": "effect give @s minecraft:dolphins_grace 1 0 true",
                    "permission_level": 4
                }
            ]
        },
        "condition": {
            "type": "origins:and",
            "conditions": [
                {
                    "type": "origins:command",
                    "command": "execute if entity @e[tag=CappyCapture,distance=..5,tag=!Mario,type=minecraft:glow_squid]",
                    "comparison": "==",
                    "compare_to": 1
                }
            ]
        }
    },
    "iron_golem": {
        "type": "origins:action_over_time",
        "interval": 1,
        "entity_action": {
            "type": "origins:and",
            "actions": [
                {
                    "type": "origins:execute_command",
                    "command": "effect give @s minecraft:water_breathing 1 255 true",
                    "permission_level": 4
                },
                {
                    "type": "origins:execute_command",
                    "command": "effect give @s minecraft:strength 1 2 true",
                    "permission_level": 4
                }
            ]
        },
        "condition": {
            "type": "origins:and",
            "conditions": [
                {
                    "type": "origins:command",
                    "command": "execute if entity @e[tag=CappyCapture,distance=..5,tag=!Mario,type=minecraft:iron_golem]",
                    "comparison": "==",
                    "compare_to": 1
                }
            ]
        }
    },
    "pufferfish": {
        "type": "origins:action_over_time",
        "interval": 1,
        "entity_action": {
            "type": "origins:and",
            "actions": [
                {
                    "type": "origins:execute_command",
                    "command": "effect give @s minecraft:water_breathing 1 255 true",
                    "permission_level": 4
                },
                {
                    "type": "origins:execute_command",
                    "command": "effect give @s minecraft:dolphins_grace 1 0 true",
                    "permission_level": 4
                }
            ]
        },
        "condition": {
            "type": "origins:and",
            "conditions": [
                {
                    "type": "origins:command",
                    "command": "execute if entity @e[tag=CappyCapture,distance=..5,tag=!Mario,type=minecraft:pufferfish]",
                    "comparison": "==",
                    "compare_to": 1
                }
            ]
        }
    },
    "trident": {
        "type": "origins:action_over_time",
        "interval": 1,
        "entity_action": {
            "type": "origins:and",
            "actions": [
                {
                    "type": "origins:execute_command",
                    "command": "effect give @s minecraft:water_breathing 1 255 true",
                    "permission_level": 4
                }
            ]
        },
        "condition": {
            "type": "origins:and",
            "conditions": [
                {
                    "type": "origins:command",
                    "command": "execute if entity @e[tag=CappyCapture,distance=..5,tag=!Mario,type=minecraft:trident]",
                    "comparison": "==",
                    "compare_to": 1
                }
            ]
        }
    },
    "turtle": {
        "type": "origins:action_over_time",
        "interval": 1,
        "entity_action": {
            "type": "origins:and",
            "actions": [
                {
                    "type": "origins:execute_command",
                    "command": "effect give @s minecraft:water_breathing 1 255 true",
                    "permission_level": 4
                },
                {
                    "type": "origins:execute_command",
                    "command": "effect give @s minecraft:dolphins_grace 1 0 true",
                    "permission_level": 4
                }
            ]
        },
        "condition": {
            "type": "origins:and",
            "conditions": [
                {
                    "type": "origins:command",
                    "command": "execute if entity @e[tag=CappyCapture,distance=..5,tag=!Mario,type=minecraft:turtle]",
                    "comparison": "==",
                    "compare_to": 1
                }
            ]
        }
    },
    "skele_horse": {
        "type": "origins:action_over_time",
        "interval": 1,
        "entity_action": {
            "type": "origins:and",
            "actions": [
                {
                    "type": "origins:execute_command",
                    "command": "effect give @s minecraft:water_breathing 1 255 true",
                    "permission_level": 4
                }
            ]
        },
        "condition": {
            "type": "origins:and",
            "conditions": [
                {
                    "type": "origins:command",
                    "command": "execute if entity @e[tag=CappyCapture,distance=..5,tag=!Mario,type=minecraft:skeleton_horse]",
                    "comparison": "==",
                    "compare_to": 1
                }
            ]
        }
    },
    "warden": {
        "type": "origins:action_over_time",
        "interval": 1,
        "entity_action": {
            "type": "origins:and",
            "actions": [
                {
                    "type": "origins:execute_command",
                    "command": "effect give @s minecraft:blindness 3 100 true",
                    "permission_level": 4
                },
                {
                    "type": "origins:execute_command",
                    "command": "effect give @s minecraft:darkness 3 100 true",
                    "permission_level": 4
                },
                {
                    "type": "origins:execute_command",
                    "command": "effect give @s minecraft:strength 1 50 true",
                    "permission_level": 4
                }
            ]
        },
        "condition": {
            "type": "origins:or",
            "conditions": [
                {
                    "type": "origins:command",
                    "command": "execute if entity @e[tag=CappyCapture,distance=..5,tag=!Mario,type=minecraft:warden]",
                    "comparison": "==",
                    "compare_to": 1
                }
            ]
        }
    },
    "hidden": true
}